transaction_id,date_heure,client_id,produit_id,catégorie,quantité,prix_unitaire,moyen_paiement,ville,âge_client,ancienneté_compte_jours,fraude,montant_total
10000,2023-06-08 12:00:00,C1028,P267,Décoration,1,197.21,PayPal,Toulouse,57,144,0,197.21
10001,2023-05-29 19:00:00,C1906,P178,Art de la table,5,41.54,Virement,Bordeaux,69,750,0,207.7
10002,2023-05-08 13:00:00,C1032,P253,Art de la table,4,31.74,Carte,Paris,20,784,0,126.96
10003,2023-06-08 18:00:00,C1645,P415,Décoration,2,11.65,Carte,Paris,29,632,0,23.3
10004,2023-05-19 15:00:00,C1878,P056,Décoration,3,39.56,PayPal,Bordeaux,56,340,0,118.68
10005,2023-05-11 19:00:00,C1078,P463,Art de la table,4,49.38,Virement,Marseille,29,413,0,197.52
10006,2023-05-24 13:00:00,C1927,P457,Textile,1,129.81,Carte,Lyon,19,732,0,129.81
10007,2023-06-05 16:00:00,C1946,P471,Cuisine,1,51.74,PayPal,Marseille,63,520,0,51.74
10008,2023-05-24 11:00:00,C1458,P083,Cuisine,3,13.9,Virement,Paris,39,344,0,41.7
10009,2023-05-22 13:00:00,C1569,P393,Cuisine,2,167.06,PayPal,Bordeaux,40,387,0,334.12
10010,2023-05-02 16:00:00,C1982,P099,Textile,4,79.46,PayPal,Bordeaux,47,473,0,317.84
10011,2023-06-13 14:00:00,C1537,P149,Art de la table,2,77.2,Carte,Marseille,22,275,0,154.4
10012,2023-05-02 20:00:00,C1481,P329,Décoration,1,67.47,Carte,Marseille,26,353,0,67.47
10013,2023-05-21 09:00:00,C1429,P156,Art de la table,2,195.32,Carte,Lyon,38,66,0,390.64
10014,2023-05-12 18:00:00,C1737,P190,Textile,1,42.32,PayPal,Toulouse,28,79,0,42.32
10015,2023-05-22 20:00:00,C1284,P494,Décoration,2,180.67,Carte,Toulouse,22,598,0,361.34
10016,2023-05-25 09:00:00,C1515,P371,Textile,3,157.59,PayPal,Lyon,52,636,0,472.77
10017,2023-05-27 19:00:00,C1976,P263,Cuisine,5,24.53,PayPal,Toulouse,44,202,0,122.65
10018,2023-06-11 20:00:00,C1098,P080,Cuisine,3,197.48,Carte,Paris,66,978,0,592.44
10019,2023-06-29 11:00:00,C1396,P400,Textile,3,61.56,Virement,Toulouse,19,662,0,184.68
10020,2023-06-13 15:00:00,C1488,P252,Décoration,5,28.73,Virement,Lyon,41,558,0,143.65
10021,2023-06-21 17:00:00,C1038,P097,Décoration,5,167.57,Virement,Toulouse,48,113,0,837.85
10022,2023-05-03 13:00:00,C1270,P260,Art de la table,4,144.27,PayPal,Bordeaux,50,91,0,577.08
10023,2023-06-20 15:00:00,C1886,P260,Cuisine,4,127.27,PayPal,Marseille,56,141,0,509.08
10024,2023-05-21 17:00:00,C1796,P103,Art de la table,3,39.64,PayPal,Paris,47,289,0,118.92
10025,2023-06-08 10:00:00,C1156,P040,Art de la table,3,100.91,Carte,Bordeaux,63,901,0,302.73
10026,2023-05-04 17:00:00,C1074,P273,Textile,1,158.31,PayPal,Bordeaux,54,730,0,158.31
10027,2023-06-29 10:00:00,C1883,P101,Textile,1,67.69,Carte,Lyon,68,589,0,67.69
10028,2023-06-27 17:00:00,C1799,P359,Art de la table,4,69.22,Carte,Marseille,45,411,0,276.88
10029,2023-05-26 13:00:00,C1129,P380,Cuisine,4,10.6,Virement,Marseille,48,377,0,42.4
10030,2023-05-02 12:00:00,C1686,P308,Textile,1,43.11,Virement,Paris,28,384,0,43.11
10031,2023-05-28 20:00:00,C1973,P221,Art de la table,1,176.33,Virement,Lyon,40,846,0,176.33
10032,2023-05-07 20:00:00,C1083,P308,Art de la table,2,93.93,Carte,Paris,19,152,0,187.86
10033,2023-05-08 11:00:00,C1021,P420,Art de la table,2,197.0,Carte,Toulouse,57,835,0,394.0
10034,2023-05-14 09:00:00,C1458,P124,Art de la table,1,85.18,Carte,Bordeaux,58,751,0,85.18
10035,2023-06-05 10:00:00,C1538,P422,Art de la table,2,145.89,PayPal,Paris,44,627,0,291.78
10036,2023-06-09 12:00:00,C1706,P231,Art de la table,5,63.56,Carte,Bordeaux,52,319,0,317.8
10037,2023-05-02 14:00:00,C1848,P178,Textile,4,79.12,Virement,Lyon,19,369,0,316.48
10038,2023-06-23 18:00:00,C1381,P063,Cuisine,4,46.24,Virement,Toulouse,56,606,0,184.96
10039,2023-05-04 14:00:00,C1747,P485,Art de la table,1,75.94,Carte,Lyon,54,995,0,75.94
10040,2023-05-29 10:00:00,C1439,P116,Décoration,3,113.98,Carte,Toulouse,38,560,0,341.94
10041,2023-05-26 20:00:00,C1603,P191,Textile,1,198.44,Virement,Toulouse,22,703,0,198.44
10042,2023-06-03 18:00:00,C1988,P062,Textile,2,136.2,Carte,Bordeaux,69,462,0,272.4
10043,2023-06-05 16:00:00,C1020,P256,Art de la table,3,47.86,Virement,Lyon,62,12,0,143.58
10044,2023-05-14 15:00:00,C1302,P483,Textile,2,18.54,PayPal,Lyon,38,156,0,37.08
10045,2023-06-29 17:00:00,C1975,P007,Art de la table,5,34.01,Virement,Paris,46,684,0,170.05
10046,2023-06-09 13:00:00,C1868,P155,Cuisine,2,116.89,PayPal,Lyon,37,477,0,233.78
10047,2023-05-16 10:00:00,C1954,P092,Cuisine,5,155.38,Carte,Paris,55,939,0,776.9
10048,2023-06-16 13:00:00,C1083,P470,Textile,5,188.68,Carte,Marseille,37,401,0,943.4
10049,2023-05-24 18:00:00,C1773,P014,Textile,2,13.01,PayPal,Marseille,67,808,0,26.02
10050,2023-05-25 20:00:00,C1658,P455,Décoration,2,109.32,Carte,Marseille,42,177,0,218.64
10051,2023-06-29 20:00:00,C1952,P229,Textile,5,99.46,PayPal,Lyon,19,341,0,497.3
10052,2023-06-14 17:00:00,C1452,P086,Décoration,3,134.65,Carte,Lyon,49,57,0,403.95
10053,2023-05-29 09:00:00,C1386,P133,Cuisine,5,116.32,Virement,Paris,43,855,0,581.6
10054,2023-05-25 15:00:00,C1506,P183,Cuisine,4,140.54,Carte,Toulouse,23,852,0,562.16
10055,2023-05-09 16:00:00,C1256,P386,Art de la table,5,135.04,Virement,Paris,58,448,0,675.2
10056,2023-05-01 20:00:00,C1569,P062,Cuisine,3,32.23,Virement,Marseille,20,203,0,96.69
10057,2023-05-08 16:00:00,C1891,P219,Décoration,4,161.95,PayPal,Paris,50,697,0,647.8
10058,2023-05-11 11:00:00,C1933,P405,Textile,1,33.41,Carte,Toulouse,18,633,0,33.41
10059,2023-05-17 16:00:00,C1526,P246,Art de la table,1,142.72,PayPal,Lyon,68,738,0,142.72
10060,2023-06-04 11:00:00,C1161,P230,Décoration,3,89.07,Carte,Paris,22,202,0,267.21
10061,2023-06-02 19:00:00,C1956,P079,Textile,5,107.63,Virement,Marseille,30,330,0,538.15
10062,2023-05-05 18:00:00,C1162,P149,Art de la table,2,181.63,Virement,Marseille,36,363,0,363.26
10063,2023-06-08 18:00:00,C1831,P138,Cuisine,3,179.08,Carte,Lyon,29,892,0,537.24
10064,2023-06-10 20:00:00,C1792,P471,Décoration,4,165.39,Carte,Paris,65,454,0,661.56
10065,2023-05-07 17:00:00,C1791,P314,Textile,4,106.93,PayPal,Toulouse,42,356,0,427.72
10066,2023-05-08 20:00:00,C1523,P376,Art de la table,1,149.89,Carte,Lyon,68,216,0,149.89
10067,2023-06-03 09:00:00,C1785,P423,Art de la table,4,107.45,Carte,Paris,52,972,0,429.8
10068,2023-06-17 15:00:00,C1270,P389,Cuisine,3,175.23,Carte,Bordeaux,29,555,0,525.69
10069,2023-05-23 16:00:00,C1491,P065,Textile,4,86.53,PayPal,Marseille,47,887,0,346.12
10070,2023-06-06 11:00:00,C1207,P013,Cuisine,3,194.34,Carte,Toulouse,22,23,0,583.02
10071,2023-06-13 16:00:00,C1538,P213,Cuisine,2,187.14,Virement,Toulouse,51,155,0,374.28
10072,2023-05-22 19:00:00,C1583,P474,Textile,1,150.9,PayPal,Toulouse,39,186,0,150.9
10073,2023-06-04 09:00:00,C1059,P242,Textile,4,63.09,PayPal,Marseille,56,249,0,252.36
10074,2023-06-04 13:00:00,C1429,P493,Textile,3,35.01,Virement,Paris,30,749,0,105.03
10075,2023-06-16 11:00:00,C1984,P213,Décoration,5,172.39,Virement,Lyon,64,805,0,861.95
10076,2023-05-01 13:00:00,C1656,P181,Textile,1,41.41,Virement,Paris,20,134,0,41.41
10077,2023-05-26 15:00:00,C1604,P338,Art de la table,2,172.31,Carte,Lyon,37,321,0,344.62
10078,2023-05-14 15:00:00,C1308,P485,Cuisine,3,103.25,Virement,Toulouse,48,390,0,309.75
10079,2023-05-27 17:00:00,C1519,P173,Décoration,2,87.25,Carte,Paris,22,434,0,174.5
10080,2023-05-15 18:00:00,C1590,P160,Textile,2,181.61,PayPal,Toulouse,41,22,0,363.22
10081,2023-06-11 20:00:00,C1026,P164,Décoration,4,124.73,PayPal,Bordeaux,57,873,0,498.92
10082,2023-05-13 11:00:00,C1685,P465,Textile,4,119.56,Virement,Toulouse,50,600,0,478.24
10083,2023-06-01 15:00:00,C1561,P483,Décoration,3,116.17,Carte,Toulouse,25,665,0,348.51
10084,2023-06-18 12:00:00,C1198,P497,Cuisine,5,80.52,Virement,Lyon,41,125,0,402.6
10085,2023-06-01 12:00:00,C1386,P188,Cuisine,3,159.27,Virement,Bordeaux,67,79,0,477.81
10086,2023-05-30 13:00:00,C1348,P395,Art de la table,5,58.03,Carte,Toulouse,37,858,0,290.15
10087,2023-05-23 15:00:00,C1959,P191,Art de la table,2,188.39,Virement,Toulouse,33,968,0,376.78
10088,2023-06-14 19:00:00,C1939,P405,Textile,1,179.86,PayPal,Bordeaux,67,51,0,179.86
10089,2023-05-29 12:00:00,C1692,P308,Cuisine,3,74.12,Virement,Bordeaux,69,728,0,222.36
10090,2023-05-13 15:00:00,C1535,P256,Décoration,3,148.6,Carte,Paris,29,176,0,445.8
10091,2023-06-28 11:00:00,C1827,P183,Décoration,5,118.91,Carte,Lyon,30,870,0,594.55
10092,2023-05-22 20:00:00,C1377,P117,Décoration,2,74.15,PayPal,Bordeaux,62,253,0,148.3
10093,2023-05-02 18:00:00,C1898,P282,Art de la table,2,197.82,Carte,Bordeaux,59,966,0,395.64
10094,2023-06-14 17:00:00,C1915,P196,Décoration,5,14.8,Carte,Marseille,56,246,0,74.0
10095,2023-06-22 14:00:00,C1557,P034,Art de la table,2,58.0,PayPal,Bordeaux,42,739,0,116.0
10096,2023-05-28 20:00:00,C1526,P052,Art de la table,4,108.81,Virement,Lyon,63,106,0,435.24
10097,2023-06-13 20:00:00,C1152,P112,Textile,1,109.17,PayPal,Toulouse,49,193,0,109.17
10098,2023-05-20 19:00:00,C1733,P252,Décoration,3,121.9,Virement,Toulouse,41,316,0,365.7
10099,2023-06-27 15:00:00,C1205,P082,Décoration,1,152.82,PayPal,Toulouse,65,302,0,152.82
10100,2023-05-28 17:00:00,C1454,P232,Cuisine,3,128.46,Virement,Toulouse,64,548,0,385.38
10101,2023-06-08 09:00:00,C1272,P227,Textile,4,124.05,PayPal,Marseille,61,954,0,496.2
10102,2023-05-01 17:00:00,C1893,P233,Cuisine,2,20.17,Virement,Bordeaux,26,716,0,40.34
10103,2023-05-27 17:00:00,C1235,P221,Textile,5,81.54,PayPal,Toulouse,57,934,0,407.7
10104,2023-06-21 17:00:00,C1851,P436,Décoration,4,54.09,Virement,Paris,67,779,0,216.36
10105,2023-05-03 15:00:00,C1739,P413,Art de la table,1,60.42,PayPal,Toulouse,40,268,0,60.42
10106,2023-05-06 16:00:00,C1520,P422,Art de la table,5,115.32,Carte,Bordeaux,67,170,0,576.6
10107,2023-05-27 17:00:00,C1677,P042,Art de la table,2,47.91,Virement,Toulouse,30,551,0,95.82
10108,2023-06-06 09:00:00,C1943,P021,Art de la table,4,65.85,PayPal,Marseille,49,455,0,263.4
10109,2023-06-20 18:00:00,C1955,P042,Art de la table,5,55.05,Virement,Lyon,67,651,0,275.25
10110,2023-06-13 16:00:00,C1830,P397,Cuisine,4,190.22,Virement,Lyon,32,292,0,760.88
10111,2023-05-15 19:00:00,C1725,P113,Textile,4,189.49,PayPal,Bordeaux,53,564,0,757.96
10112,2023-06-23 16:00:00,C1500,P105,Décoration,2,125.89,Virement,Lyon,66,799,0,251.78
10113,2023-06-10 12:00:00,C1116,P192,Cuisine,3,185.66,PayPal,Lyon,22,801,0,556.98
10114,2023-06-18 09:00:00,C1385,P017,Textile,5,159.3,Carte,Paris,39,141,0,796.5
10115,2023-06-27 12:00:00,C1343,P120,Art de la table,2,122.09,Virement,Bordeaux,33,146,0,244.18
10116,2023-05-12 15:00:00,C1583,P393,Textile,4,11.22,Carte,Bordeaux,58,425,0,44.88
10117,2023-05-02 11:00:00,C1394,P425,Textile,2,156.78,Virement,Lyon,27,314,0,313.56
10118,2023-06-18 13:00:00,C1063,P129,Art de la table,3,143.47,Virement,Lyon,41,184,0,430.41
10119,2023-06-18 16:00:00,C1716,P130,Art de la table,5,126.9,Virement,Lyon,35,664,0,634.5
10120,2023-05-17 19:00:00,C1720,P060,Art de la table,3,154.48,PayPal,Marseille,66,713,0,463.44
10121,2023-06-18 10:00:00,C1071,P048,Décoration,1,107.46,Carte,Toulouse,35,128,0,107.46
10122,2023-05-02 20:00:00,C1788,P029,Art de la table,5,143.78,Virement,Marseille,24,287,0,718.9
10123,2023-06-23 15:00:00,C1273,P097,Décoration,3,187.68,PayPal,Bordeaux,21,823,0,563.04
10124,2023-06-06 09:00:00,C1989,P010,Art de la table,4,81.4,Virement,Paris,43,253,0,325.6
10125,2023-05-01 11:00:00,C1319,P242,Décoration,5,144.54,PayPal,Toulouse,22,778,0,722.7
10126,2023-05-02 13:00:00,C1337,P314,Textile,5,100.38,Virement,Paris,33,700,0,501.9
10127,2023-06-13 18:00:00,C1365,P444,Cuisine,2,138.14,Carte,Bordeaux,52,386,0,276.28
10128,2023-06-01 14:00:00,C1494,P232,Textile,4,154.95,Carte,Bordeaux,43,230,0,619.8
10129,2023-06-01 15:00:00,C1606,P277,Textile,1,18.64,Virement,Paris,35,271,0,18.64
10130,2023-05-04 15:00:00,C1165,P284,Art de la table,3,132.85,PayPal,Paris,46,771,0,398.55
10131,2023-05-11 16:00:00,C1543,P203,Décoration,2,53.08,Virement,Paris,40,811,0,106.16
10132,2023-06-28 09:00:00,C1010,P247,Cuisine,3,137.31,PayPal,Bordeaux,31,415,0,411.93
10133,2023-06-07 16:00:00,C1300,P290,Art de la table,1,98.98,Virement,Lyon,32,198,0,98.98
10134,2023-05-05 12:00:00,C1728,P264,Art de la table,1,156.98,PayPal,Paris,66,323,0,156.98
10135,2023-06-03 14:00:00,C1800,P443,Art de la table,5,33.45,Carte,Toulouse,50,56,0,167.25
10136,2023-05-22 19:00:00,C1101,P214,Textile,1,129.0,Virement,Bordeaux,42,831,0,129.0
10137,2023-06-17 09:00:00,C1424,P200,Décoration,3,62.91,Carte,Marseille,38,203,0,188.73
10138,2023-05-09 20:00:00,C1391,P433,Décoration,4,172.07,Carte,Marseille,34,783,0,688.28
10139,2023-06-28 14:00:00,C1778,P079,Cuisine,4,186.39,Virement,Toulouse,40,621,0,745.56
10140,2023-05-16 11:00:00,C1213,P401,Décoration,5,199.32,Virement,Lyon,60,628,0,996.6
10141,2023-05-20 20:00:00,C1690,P444,Décoration,3,161.24,PayPal,Paris,34,604,0,483.72
10142,2023-06-28 12:00:00,C1087,P343,Art de la table,3,153.21,PayPal,Bordeaux,31,138,0,459.63
10143,2023-05-19 18:00:00,C1552,P344,Art de la table,1,50.95,Carte,Paris,46,422,0,50.95
10144,2023-05-03 11:00:00,C1400,P173,Textile,3,73.84,PayPal,Bordeaux,37,815,0,221.52
10145,2023-05-20 15:00:00,C1587,P467,Art de la table,2,98.48,PayPal,Marseille,47,57,0,196.96
10146,2023-06-21 17:00:00,C1888,P069,Art de la table,1,156.94,Virement,Paris,36,562,0,156.94
10147,2023-06-02 16:00:00,C1045,P416,Art de la table,2,183.84,PayPal,Toulouse,56,71,0,367.68
10148,2023-06-08 10:00:00,C1671,P428,Art de la table,5,45.94,Carte,Lyon,30,911,0,229.7
10149,2023-06-09 09:00:00,C1462,P449,Textile,4,185.25,PayPal,Toulouse,35,914,0,741.0
10150,2023-05-11 20:00:00,C1591,P087,Art de la table,5,142.17,Carte,Lyon,40,594,0,710.85
10151,2023-06-26 17:00:00,C1309,P101,Cuisine,4,126.05,Virement,Paris,63,372,0,504.2
10152,2023-06-19 15:00:00,C1085,P008,Cuisine,5,47.97,Carte,Paris,50,617,0,239.85
10153,2023-05-31 18:00:00,C1091,P333,Cuisine,3,20.55,PayPal,Lyon,56,600,0,61.65
10154,2023-06-04 15:00:00,C1659,P200,Cuisine,2,118.01,Virement,Marseille,57,514,0,236.02
10155,2023-06-29 18:00:00,C1672,P087,Art de la table,4,133.79,PayPal,Bordeaux,35,872,0,535.16
10156,2023-06-17 17:00:00,C1713,P043,Cuisine,1,50.05,Virement,Toulouse,26,84,0,50.05
10157,2023-06-21 20:00:00,C1935,P385,Art de la table,2,115.73,Virement,Toulouse,50,994,0,231.46
10158,2023-06-18 10:00:00,C1927,P109,Textile,1,172.73,PayPal,Toulouse,49,43,0,172.73
10159,2023-05-01 20:00:00,C1241,P435,Cuisine,2,168.66,PayPal,Paris,34,666,0,337.32
10160,2023-05-05 13:00:00,C1864,P408,Décoration,2,186.2,Virement,Toulouse,36,839,0,372.4
10161,2023-06-01 19:00:00,C1001,P483,Cuisine,5,79.52,Virement,Bordeaux,44,934,0,397.6
10162,2023-06-24 17:00:00,C1224,P152,Cuisine,4,70.43,PayPal,Bordeaux,23,606,0,281.72
10163,2023-06-10 11:00:00,C1800,P017,Art de la table,4,152.39,Carte,Lyon,52,810,0,609.56
10164,2023-05-19 11:00:00,C1744,P133,Cuisine,2,91.91,PayPal,Paris,54,133,0,183.82
10165,2023-05-20 16:00:00,C1972,P148,Décoration,3,26.63,Virement,Bordeaux,51,395,0,79.89
10166,2023-06-23 16:00:00,C1925,P277,Art de la table,3,63.73,PayPal,Marseille,37,65,0,191.19
10167,2023-06-02 16:00:00,C1928,P232,Art de la table,1,89.53,Carte,Paris,42,290,0,89.53
10168,2023-06-21 19:00:00,C1588,P314,Textile,1,65.58,PayPal,Paris,21,376,0,65.58
10169,2023-06-18 16:00:00,C1115,P415,Textile,5,73.12,Virement,Bordeaux,27,769,0,365.6
10170,2023-06-05 14:00:00,C1665,P366,Cuisine,2,65.82,PayPal,Marseille,27,467,0,131.64
10171,2023-06-09 12:00:00,C1917,P228,Textile,1,17.88,Virement,Lyon,41,898,0,17.88
10172,2023-06-04 17:00:00,C1102,P139,Textile,1,131.05,Virement,Bordeaux,38,213,0,131.05
10173,2023-06-04 17:00:00,C1193,P436,Textile,2,123.49,PayPal,Marseille,28,148,0,246.98
10174,2023-05-29 10:00:00,C1165,P399,Art de la table,5,134.14,Virement,Paris,44,573,0,670.7
10175,2023-06-15 10:00:00,C1870,P211,Art de la table,1,46.54,Virement,Marseille,33,471,0,46.54
10176,2023-05-02 14:00:00,C1089,P391,Art de la table,5,66.17,Carte,Paris,43,149,0,330.85
10177,2023-06-04 17:00:00,C1685,P499,Textile,4,127.73,Carte,Bordeaux,47,88,0,510.92
10178,2023-06-05 09:00:00,C1121,P028,Art de la table,5,123.93,Carte,Bordeaux,66,324,0,619.65
10179,2023-05-04 09:00:00,C1142,P051,Textile,3,106.2,Carte,Toulouse,33,895,0,318.6
10180,2023-05-14 13:00:00,C1993,P491,Art de la table,3,76.58,Virement,Toulouse,24,396,0,229.74
10181,2023-06-17 12:00:00,C1105,P442,Art de la table,5,183.46,PayPal,Toulouse,33,790,0,917.3
10182,2023-06-25 16:00:00,C1886,P261,Décoration,3,74.56,Virement,Bordeaux,52,404,0,223.68
10183,2023-05-07 11:00:00,C1427,P261,Cuisine,4,96.57,Virement,Lyon,33,82,0,386.28
10184,2023-05-17 09:00:00,C1304,P350,Textile,2,138.84,Virement,Bordeaux,57,641,0,277.68
10185,2023-06-17 20:00:00,C1871,P352,Décoration,3,113.17,PayPal,Marseille,29,286,0,339.51
10186,2023-06-28 11:00:00,C1970,P008,Art de la table,3,75.91,Carte,Bordeaux,52,382,0,227.73
10187,2023-05-22 15:00:00,C1316,P320,Textile,5,92.77,Virement,Bordeaux,66,865,0,463.85
10188,2023-05-22 14:00:00,C1962,P138,Art de la table,4,160.95,Virement,Paris,38,792,0,643.8
10189,2023-06-07 11:00:00,C1634,P038,Cuisine,2,62.84,Carte,Paris,67,270,0,125.68
10190,2023-06-23 16:00:00,C1901,P111,Décoration,5,37.03,Virement,Paris,60,292,0,185.15
10191,2023-05-27 19:00:00,C1008,P480,Cuisine,5,69.5,PayPal,Bordeaux,53,453,0,347.5
10192,2023-06-03 13:00:00,C1773,P368,Décoration,4,171.41,Virement,Lyon,65,715,0,685.64
10193,2023-05-30 09:00:00,C1072,P220,Art de la table,2,26.91,Virement,Marseille,34,24,0,53.82
10194,2023-05-28 09:00:00,C1358,P337,Cuisine,4,198.42,Carte,Marseille,49,956,0,793.68
10195,2023-05-05 20:00:00,C1222,P223,Cuisine,2,112.79,Virement,Lyon,58,863,0,225.58
10196,2023-06-17 11:00:00,C1415,P136,Art de la table,4,197.12,Virement,Lyon,23,311,0,788.48
10197,2023-05-04 11:00:00,C1552,P256,Cuisine,5,188.41,PayPal,Marseille,41,461,0,942.05
10198,2023-06-18 09:00:00,C1369,P360,Textile,5,96.03,Carte,Toulouse,44,208,0,480.15
10199,2023-06-13 20:00:00,C1715,P409,Décoration,1,47.71,Carte,Paris,37,792,0,47.71
10200,2023-05-30 13:00:00,C1263,P329,Décoration,3,41.33,PayPal,Paris,42,717,0,123.99
10201,2023-05-06 11:00:00,C1839,P450,Décoration,4,55.6,Virement,Marseille,19,664,0,222.4
10202,2023-06-29 17:00:00,C1689,P463,Textile,1,144.93,Carte,Lyon,26,438,0,144.93
10203,2023-06-06 16:00:00,C1859,P434,Décoration,3,61.86,Carte,Toulouse,45,538,0,185.58
10204,2023-05-29 09:00:00,C1317,P451,Art de la table,4,74.87,Virement,Marseille,55,706,0,299.48
10205,2023-06-15 13:00:00,C1083,P049,Cuisine,2,95.27,Virement,Paris,20,336,0,190.54
10206,2023-05-31 11:00:00,C1317,P292,Textile,3,183.51,Carte,Bordeaux,37,422,0,550.53
10207,2023-06-29 09:00:00,C1110,P382,Décoration,5,45.98,Virement,Lyon,23,750,0,229.9
10208,2023-06-21 13:00:00,C1250,P324,Art de la table,1,10.96,Carte,Bordeaux,56,321,0,10.96
10209,2023-06-01 15:00:00,C1382,P078,Cuisine,3,21.42,Virement,Marseille,50,497,0,64.26
10210,2023-06-02 11:00:00,C1006,P105,Cuisine,3,181.91,Virement,Paris,18,587,0,545.73
10211,2023-05-18 17:00:00,C1458,P169,Textile,5,133.03,PayPal,Toulouse,54,947,0,665.15
10212,2023-06-11 14:00:00,C1083,P217,Textile,4,61.88,Virement,Bordeaux,23,163,0,247.52
10213,2023-06-27 11:00:00,C1207,P378,Textile,2,43.67,PayPal,Toulouse,62,811,0,87.34
10214,2023-06-09 16:00:00,C1899,P119,Art de la table,5,65.91,Virement,Paris,51,541,0,329.55
10215,2023-06-19 14:00:00,C1389,P190,Art de la table,2,31.81,Carte,Bordeaux,64,165,0,63.62
10216,2023-05-23 10:00:00,C1313,P255,Textile,4,188.89,Carte,Toulouse,32,849,0,755.56
10217,2023-05-27 18:00:00,C1021,P370,Décoration,3,159.0,Virement,Toulouse,62,698,0,477.0
10218,2023-05-02 18:00:00,C1409,P266,Cuisine,2,97.85,Virement,Bordeaux,43,566,0,195.7
10219,2023-05-17 16:00:00,C1894,P149,Cuisine,1,174.34,Carte,Paris,31,295,0,174.34
10220,2023-06-02 17:00:00,C1514,P164,Art de la table,1,57.4,Virement,Toulouse,24,42,0,57.4
10221,2023-06-12 14:00:00,C1126,P140,Cuisine,5,146.25,PayPal,Marseille,63,924,0,731.25
10222,2023-06-17 15:00:00,C1808,P347,Décoration,4,172.67,PayPal,Bordeaux,48,285,0,690.68
10223,2023-05-29 18:00:00,C1699,P488,Cuisine,5,77.79,PayPal,Lyon,41,939,0,388.95
10224,2023-06-24 18:00:00,C1873,P258,Art de la table,5,153.92,PayPal,Lyon,48,387,0,769.6
10225,2023-06-04 10:00:00,C1013,P374,Art de la table,5,66.06,PayPal,Paris,46,138,0,330.3
10226,2023-05-25 16:00:00,C1970,P269,Décoration,1,66.78,Virement,Marseille,59,187,0,66.78
10227,2023-05-13 20:00:00,C1977,P181,Décoration,1,30.34,Virement,Toulouse,49,910,0,30.34
10228,2023-06-27 15:00:00,C1011,P160,Cuisine,5,93.61,PayPal,Lyon,34,716,0,468.05
10229,2023-06-26 12:00:00,C1086,P351,Cuisine,1,148.65,Virement,Paris,31,431,0,148.65
10230,2023-06-14 12:00:00,C1523,P400,Art de la table,4,188.64,Virement,Marseille,57,554,0,754.56
10231,2023-05-01 16:00:00,C1908,P288,Décoration,5,124.72,PayPal,Marseille,53,862,0,623.6
10232,2023-06-15 20:00:00,C1536,P288,Décoration,1,174.0,Virement,Paris,65,416,0,174.0
10233,2023-06-20 15:00:00,C1300,P380,Décoration,2,166.27,Virement,Paris,41,800,0,332.54
10234,2023-05-15 20:00:00,C1242,P226,Cuisine,5,42.94,Virement,Toulouse,62,426,0,214.7
10235,2023-06-03 10:00:00,C1121,P011,Décoration,5,102.31,PayPal,Paris,44,416,0,511.55
10236,2023-06-01 15:00:00,C1146,P010,Art de la table,4,32.22,Virement,Toulouse,42,26,0,128.88
10237,2023-05-22 11:00:00,C1566,P271,Art de la table,3,139.61,Carte,Toulouse,49,371,0,418.83
10238,2023-05-25 18:00:00,C1749,P273,Cuisine,3,190.48,Carte,Bordeaux,69,385,0,571.44
10239,2023-05-22 18:00:00,C1355,P424,Textile,4,36.05,PayPal,Marseille,35,56,0,144.2
10240,2023-06-27 14:00:00,C1684,P402,Cuisine,4,149.44,Carte,Marseille,63,253,0,597.76
10241,2023-06-18 12:00:00,C1903,P183,Textile,4,130.13,PayPal,Marseille,35,634,0,520.52
10242,2023-06-11 14:00:00,C1732,P457,Décoration,3,120.88,Carte,Bordeaux,54,106,0,362.64
10243,2023-05-15 14:00:00,C1630,P153,Cuisine,4,84.12,Carte,Toulouse,43,130,0,336.48
10244,2023-06-12 20:00:00,C1308,P488,Art de la table,1,77.48,Carte,Toulouse,26,849,0,77.48
10245,2023-06-06 09:00:00,C1694,P315,Décoration,5,18.6,PayPal,Paris,52,670,0,93.0
10246,2023-05-08 13:00:00,C1287,P334,Art de la table,5,51.4,PayPal,Bordeaux,25,376,0,257.0
10247,2023-06-29 20:00:00,C1306,P124,Décoration,2,12.88,Virement,Paris,37,743,0,25.76
10248,2023-06-13 13:00:00,C1811,P473,Cuisine,2,120.47,PayPal,Bordeaux,59,967,0,240.94
10249,2023-06-08 12:00:00,C1593,P114,Textile,5,30.11,Carte,Paris,39,308,0,150.55
10250,2023-05-06 12:00:00,C1965,P278,Décoration,1,175.87,Carte,Lyon,36,91,0,175.87
10251,2023-05-30 11:00:00,C1913,P414,Textile,3,109.4,PayPal,Marseille,47,393,0,328.2
10252,2023-06-24 16:00:00,C1722,P468,Décoration,3,142.94,PayPal,Marseille,45,534,0,428.82
10253,2023-06-21 10:00:00,C1661,P213,Art de la table,1,88.06,PayPal,Toulouse,52,802,0,88.06
10254,2023-06-29 18:00:00,C1548,P172,Art de la table,3,116.51,Virement,Lyon,60,110,0,349.53
10255,2023-05-30 11:00:00,C1351,P288,Décoration,4,189.11,Carte,Marseille,28,561,0,756.44
10256,2023-05-17 16:00:00,C1311,P435,Textile,5,25.72,Virement,Toulouse,48,641,0,128.6
10257,2023-05-19 20:00:00,C1872,P174,Cuisine,5,58.25,Virement,Lyon,66,585,0,291.25
10258,2023-06-27 15:00:00,C1058,P113,Cuisine,1,158.2,Carte,Marseille,65,340,0,158.2
10259,2023-05-26 13:00:00,C1642,P376,Art de la table,3,28.76,Carte,Paris,56,565,0,86.28
10260,2023-05-26 13:00:00,C1923,P405,Cuisine,2,24.38,PayPal,Bordeaux,53,979,0,48.76
10261,2023-05-23 17:00:00,C1713,P483,Art de la table,2,78.69,PayPal,Lyon,47,356,0,157.38
10262,2023-05-12 13:00:00,C1754,P122,Cuisine,3,27.51,Virement,Toulouse,40,892,0,82.53
10263,2023-05-01 18:00:00,C1034,P032,Décoration,2,121.16,PayPal,Lyon,36,168,0,242.32
10264,2023-06-27 09:00:00,C1444,P222,Art de la table,1,52.99,PayPal,Toulouse,29,557,0,52.99
10265,2023-06-16 10:00:00,C1092,P119,Art de la table,1,180.18,Carte,Lyon,32,452,0,180.18
10266,2023-06-01 14:00:00,C1949,P039,Décoration,3,158.87,Carte,Toulouse,48,905,0,476.61
10267,2023-06-17 17:00:00,C1958,P497,Art de la table,2,142.94,PayPal,Marseille,60,105,0,285.88
10268,2023-06-09 13:00:00,C1206,P268,Cuisine,1,127.22,Carte,Paris,54,150,0,127.22
10269,2023-05-01 15:00:00,C1352,P233,Cuisine,1,174.06,PayPal,Marseille,54,146,0,174.06
10270,2023-05-05 14:00:00,C1902,P431,Art de la table,4,52.38,Carte,Paris,32,716,0,209.52
10271,2023-05-29 15:00:00,C1331,P018,Cuisine,4,175.89,Carte,Marseille,46,874,0,703.56
10272,2023-05-03 20:00:00,C1816,P149,Textile,1,160.0,Carte,Marseille,67,299,0,160.0
10273,2023-05-26 11:00:00,C1861,P397,Art de la table,3,152.15,Carte,Lyon,60,167,0,456.45
10274,2023-06-06 14:00:00,C1724,P149,Décoration,5,116.64,PayPal,Bordeaux,43,713,0,583.2
10275,2023-06-26 20:00:00,C1158,P126,Textile,5,56.79,Virement,Toulouse,61,646,0,283.95
10276,2023-05-05 09:00:00,C1953,P392,Art de la table,1,90.47,Carte,Toulouse,19,723,0,90.47
10277,2023-05-30 12:00:00,C1956,P302,Décoration,1,160.78,PayPal,Toulouse,37,48,0,160.78
10278,2023-05-05 20:00:00,C1023,P360,Cuisine,1,16.04,PayPal,Paris,32,638,0,16.04
10279,2023-05-16 18:00:00,C1403,P238,Décoration,3,158.59,Carte,Toulouse,69,239,0,475.77
10280,2023-05-26 13:00:00,C1804,P135,Textile,4,55.61,Virement,Toulouse,21,7,0,222.44
10281,2023-06-08 12:00:00,C1515,P151,Cuisine,1,37.42,Carte,Lyon,39,464,0,37.42
10282,2023-06-02 13:00:00,C1731,P236,Art de la table,1,31.98,PayPal,Marseille,67,453,0,31.98
10283,2023-05-23 18:00:00,C1363,P224,Cuisine,2,15.18,Virement,Toulouse,55,784,0,30.36
10284,2023-05-10 14:00:00,C1381,P203,Art de la table,3,109.48,PayPal,Bordeaux,40,897,0,328.44
10285,2023-05-05 12:00:00,C1531,P256,Art de la table,1,51.47,Carte,Toulouse,43,371,0,51.47
10286,2023-06-03 12:00:00,C1955,P086,Décoration,2,197.99,Virement,Paris,68,549,0,395.98
10287,2023-05-31 18:00:00,C1151,P150,Décoration,5,119.14,PayPal,Paris,28,487,0,595.7
10288,2023-06-27 11:00:00,C1561,P235,Décoration,1,36.2,PayPal,Paris,45,211,0,36.2
10289,2023-06-27 09:00:00,C1688,P345,Textile,1,140.86,PayPal,Toulouse,19,165,0,140.86
10290,2023-06-25 13:00:00,C1946,P022,Textile,2,180.57,Carte,Lyon,25,125,0,361.14
10291,2023-06-14 12:00:00,C1607,P348,Décoration,3,151.58,Virement,Bordeaux,46,337,0,454.74
10292,2023-05-16 16:00:00,C1616,P285,Textile,1,24.52,Carte,Toulouse,28,192,0,24.52
10293,2023-05-16 15:00:00,C1419,P269,Cuisine,5,180.22,Carte,Lyon,54,730,0,901.1
10294,2023-05-02 09:00:00,C1249,P466,Cuisine,1,160.85,Carte,Lyon,35,214,0,160.85
10295,2023-05-28 19:00:00,C1116,P258,Textile,5,40.08,Virement,Toulouse,67,574,0,200.4
10296,2023-05-20 16:00:00,C1865,P029,Textile,4,19.84,Carte,Toulouse,31,328,0,79.36
10297,2023-05-12 10:00:00,C1511,P213,Cuisine,4,115.89,Carte,Lyon,27,957,0,463.56
10298,2023-06-04 20:00:00,C1739,P463,Art de la table,5,39.65,Carte,Lyon,52,381,0,198.25
10299,2023-06-02 09:00:00,C1577,P436,Cuisine,3,168.57,Carte,Lyon,26,673,0,505.71
10300,2023-06-20 19:00:00,C1334,P283,Cuisine,1,78.08,PayPal,Toulouse,52,578,0,78.08
10301,2023-06-06 20:00:00,C1417,P050,Textile,1,183.45,Carte,Lyon,28,798,0,183.45
10302,2023-05-03 09:00:00,C1931,P095,Cuisine,4,117.48,PayPal,Paris,61,239,0,469.92
10303,2023-06-02 16:00:00,C1773,P463,Textile,5,44.71,Carte,Toulouse,29,532,0,223.55
10304,2023-05-10 19:00:00,C1294,P499,Textile,1,36.52,Virement,Paris,20,700,0,36.52
10305,2023-06-13 20:00:00,C1937,P407,Décoration,1,119.53,PayPal,Marseille,56,82,0,119.53
10306,2023-05-31 10:00:00,C1754,P088,Cuisine,3,154.76,PayPal,Toulouse,31,363,0,464.28
10307,2023-06-20 10:00:00,C1370,P044,Art de la table,2,158.49,PayPal,Marseille,45,505,0,316.98
10308,2023-06-04 15:00:00,C1185,P461,Décoration,4,62.39,PayPal,Lyon,28,202,0,249.56
10309,2023-05-17 18:00:00,C1245,P278,Textile,4,48.81,Virement,Lyon,56,920,0,195.24
10310,2023-05-08 18:00:00,C1636,P171,Textile,2,13.18,Carte,Bordeaux,42,504,0,26.36
10311,2023-05-10 18:00:00,C1267,P421,Art de la table,1,139.05,PayPal,Lyon,38,644,0,139.05
10312,2023-06-03 11:00:00,C1642,P189,Textile,3,24.55,Virement,Marseille,27,37,0,73.65
10313,2023-06-10 15:00:00,C1236,P353,Cuisine,3,89.94,PayPal,Lyon,60,644,0,269.82
10314,2023-05-04 18:00:00,C1529,P184,Décoration,4,124.32,Carte,Toulouse,32,589,0,497.28
10315,2023-06-22 10:00:00,C1551,P003,Textile,3,188.05,PayPal,Lyon,36,601,0,564.15
10316,2023-06-14 19:00:00,C1020,P191,Textile,2,69.24,Virement,Bordeaux,65,973,0,138.48
10317,2023-05-29 16:00:00,C1910,P118,Art de la table,1,57.46,Carte,Lyon,39,402,0,57.46
10318,2023-06-05 17:00:00,C1736,P019,Cuisine,2,134.29,Virement,Marseille,38,765,0,268.58
10319,2023-05-21 17:00:00,C1866,P023,Textile,5,127.66,Carte,Marseille,69,856,0,638.3
10320,2023-06-05 18:00:00,C1793,P413,Art de la table,4,73.1,Carte,Lyon,61,706,0,292.4
10321,2023-06-06 17:00:00,C1519,P030,Textile,3,186.34,Carte,Marseille,49,176,0,559.02
10322,2023-05-24 11:00:00,C1099,P295,Art de la table,5,170.52,PayPal,Marseille,67,545,0,852.6
10323,2023-06-18 11:00:00,C1751,P108,Art de la table,3,52.56,Virement,Bordeaux,40,570,0,157.68
10324,2023-06-17 12:00:00,C1477,P367,Cuisine,1,55.44,Virement,Toulouse,30,467,0,55.44
10325,2023-05-18 09:00:00,C1598,P281,Textile,1,107.34,Virement,Bordeaux,22,201,0,107.34
10326,2023-06-08 16:00:00,C1297,P128,Cuisine,1,156.98,Carte,Paris,21,540,0,156.98
10327,2023-05-23 13:00:00,C1939,P229,Art de la table,3,18.37,PayPal,Bordeaux,45,547,0,55.11
10328,2023-05-12 09:00:00,C1525,P111,Décoration,5,141.73,Carte,Lyon,31,999,0,708.65
10329,2023-06-24 15:00:00,C1333,P136,Textile,1,133.16,Virement,Toulouse,25,637,0,133.16
10330,2023-05-25 11:00:00,C1001,P362,Décoration,5,53.98,PayPal,Lyon,26,394,0,269.9
10331,2023-06-10 09:00:00,C1374,P186,Textile,3,139.46,PayPal,Paris,68,833,0,418.38
10332,2023-06-18 12:00:00,C1292,P144,Cuisine,5,188.63,PayPal,Toulouse,52,42,0,943.15
10333,2023-06-17 17:00:00,C1836,P072,Cuisine,3,18.89,Virement,Marseille,54,597,0,56.67
10334,2023-05-22 19:00:00,C1933,P129,Cuisine,3,70.73,PayPal,Bordeaux,38,393,0,212.19
10335,2023-05-19 09:00:00,C1552,P364,Cuisine,4,93.25,PayPal,Lyon,35,700,0,373.0
10336,2023-06-05 20:00:00,C1317,P261,Cuisine,3,180.86,Carte,Paris,50,623,0,542.58
10337,2023-06-10 11:00:00,C1501,P003,Décoration,3,192.83,Carte,Marseille,25,783,0,578.49
10338,2023-05-12 17:00:00,C1827,P449,Cuisine,2,94.38,PayPal,Bordeaux,68,995,0,188.76
10339,2023-05-07 20:00:00,C1380,P388,Art de la table,1,152.51,PayPal,Marseille,66,441,0,152.51
10340,2023-05-14 12:00:00,C1622,P104,Art de la table,4,111.02,Carte,Bordeaux,34,837,0,444.08
10341,2023-05-19 18:00:00,C1013,P483,Décoration,4,112.18,Carte,Toulouse,60,617,0,448.72
10342,2023-06-16 13:00:00,C1503,P224,Textile,4,62.84,Carte,Marseille,48,506,0,251.36
10343,2023-05-05 11:00:00,C1230,P320,Art de la table,2,51.22,Virement,Marseille,51,918,0,102.44
10344,2023-05-12 17:00:00,C1984,P362,Textile,3,64.72,Virement,Marseille,23,320,0,194.16
10345,2023-06-21 19:00:00,C1083,P354,Décoration,1,115.7,Carte,Toulouse,39,553,0,115.7
10346,2023-05-21 12:00:00,C1129,P491,Textile,5,15.54,PayPal,Paris,31,215,0,77.7
10347,2023-06-22 15:00:00,C1742,P473,Textile,3,182.38,Carte,Bordeaux,20,71,0,547.14
10348,2023-05-16 17:00:00,C1837,P010,Textile,2,39.69,Virement,Marseille,29,568,0,79.38
10349,2023-06-08 13:00:00,C1144,P405,Textile,3,51.82,PayPal,Toulouse,53,919,0,155.46
10350,2023-06-11 18:00:00,C1890,P384,Décoration,3,108.47,Virement,Paris,29,236,0,325.41
10351,2023-06-08 18:00:00,C1856,P302,Art de la table,2,144.92,PayPal,Bordeaux,62,281,0,289.84
10352,2023-05-05 11:00:00,C1027,P231,Cuisine,4,28.19,Virement,Toulouse,19,987,0,112.76
10353,2023-05-23 19:00:00,C1065,P219,Textile,4,70.36,PayPal,Bordeaux,19,617,0,281.44
10354,2023-05-11 10:00:00,C1162,P411,Art de la table,1,194.05,PayPal,Marseille,32,902,0,194.05
10355,2023-06-16 20:00:00,C1228,P066,Art de la table,1,59.85,PayPal,Paris,40,887,0,59.85
10356,2023-05-09 18:00:00,C1260,P425,Décoration,4,69.48,PayPal,Toulouse,46,162,0,277.92
10357,2023-06-27 20:00:00,C1448,P112,Art de la table,5,168.93,Virement,Paris,34,191,0,844.65
10358,2023-05-17 14:00:00,C1423,P013,Décoration,3,19.54,Virement,Marseille,49,9,0,58.62
10359,2023-05-07 16:00:00,C1459,P393,Textile,5,98.28,PayPal,Paris,24,60,0,491.4
10360,2023-06-11 17:00:00,C1951,P420,Textile,3,82.13,PayPal,Paris,47,893,0,246.39
10361,2023-06-19 19:00:00,C1675,P086,Cuisine,4,70.15,Virement,Lyon,45,817,0,280.6
10362,2023-06-27 10:00:00,C1300,P234,Cuisine,1,64.28,PayPal,Paris,31,225,0,64.28
10363,2023-05-05 13:00:00,C1918,P090,Cuisine,1,27.36,PayPal,Bordeaux,61,819,0,27.36
10364,2023-06-07 11:00:00,C1302,P314,Art de la table,5,69.82,PayPal,Toulouse,47,700,0,349.1
10365,2023-05-08 09:00:00,C1286,P054,Textile,1,18.18,Carte,Lyon,34,582,0,18.18
10366,2023-05-22 12:00:00,C1394,P012,Décoration,4,158.38,PayPal,Toulouse,49,805,0,633.52
10367,2023-05-17 15:00:00,C1009,P209,Cuisine,5,85.66,Carte,Toulouse,63,287,0,428.3
10368,2023-05-25 12:00:00,C1706,P462,Décoration,3,94.34,PayPal,Marseille,23,994,0,283.02
10369,2023-06-05 14:00:00,C1629,P014,Décoration,1,179.78,Virement,Marseille,68,169,0,179.78
10370,2023-06-29 11:00:00,C1269,P121,Cuisine,2,135.03,Carte,Lyon,41,62,0,270.06
10371,2023-06-13 14:00:00,C1591,P418,Textile,1,11.53,Carte,Marseille,23,349,0,11.53
10372,2023-06-08 19:00:00,C1969,P437,Cuisine,3,189.2,PayPal,Marseille,44,442,0,567.6
10373,2023-05-10 18:00:00,C1604,P377,Décoration,5,55.06,PayPal,Marseille,35,14,0,275.3
10374,2023-05-19 15:00:00,C1777,P020,Cuisine,3,30.45,Carte,Toulouse,41,164,0,91.35
10375,2023-05-03 10:00:00,C1843,P075,Décoration,2,155.94,Virement,Lyon,54,420,0,311.88
10376,2023-05-28 18:00:00,C1861,P400,Décoration,4,105.09,Virement,Toulouse,41,757,0,420.36
10377,2023-05-20 20:00:00,C1360,P243,Cuisine,1,92.42,PayPal,Bordeaux,55,847,0,92.42
10378,2023-05-08 17:00:00,C1256,P223,Art de la table,5,57.41,Virement,Toulouse,51,520,0,287.05
10379,2023-06-08 09:00:00,C1132,P070,Cuisine,4,114.02,Virement,Bordeaux,57,666,0,456.08
10380,2023-05-03 20:00:00,C1275,P312,Art de la table,3,62.13,PayPal,Paris,64,548,0,186.39
10381,2023-06-26 20:00:00,C1775,P211,Décoration,5,181.3,Virement,Paris,32,560,0,906.5
10382,2023-06-18 17:00:00,C1682,P101,Décoration,4,50.89,PayPal,Bordeaux,28,597,0,203.56
10383,2023-06-25 09:00:00,C1971,P186,Art de la table,5,178.03,Carte,Bordeaux,39,28,0,890.15
10384,2023-06-07 13:00:00,C1512,P132,Décoration,2,116.29,PayPal,Toulouse,41,708,0,232.58
10385,2023-05-06 18:00:00,C1312,P111,Art de la table,2,167.41,Carte,Bordeaux,18,446,0,334.82
10386,2023-06-13 13:00:00,C1575,P381,Art de la table,1,145.44,Carte,Lyon,35,208,0,145.44
10387,2023-05-16 14:00:00,C1885,P132,Décoration,1,142.37,Virement,Paris,61,470,0,142.37
10388,2023-05-21 19:00:00,C1979,P020,Textile,2,71.63,Virement,Paris,29,716,0,143.26
10389,2023-06-29 13:00:00,C1283,P394,Art de la table,5,54.44,Virement,Bordeaux,60,976,0,272.2
10390,2023-06-05 11:00:00,C1120,P024,Cuisine,2,50.07,PayPal,Marseille,45,819,0,100.14
10391,2023-05-19 12:00:00,C1106,P227,Cuisine,1,172.87,Virement,Marseille,57,104,0,172.87
10392,2023-06-26 10:00:00,C1932,P154,Décoration,2,165.88,Carte,Bordeaux,24,742,0,331.76
10393,2023-06-16 17:00:00,C1686,P293,Textile,2,93.71,Virement,Lyon,40,426,0,187.42
10394,2023-06-18 09:00:00,C1996,P230,Décoration,5,35.16,Virement,Marseille,38,101,0,175.8
10395,2023-06-22 14:00:00,C1203,P469,Textile,4,82.63,PayPal,Bordeaux,51,541,0,330.52
10396,2023-06-23 11:00:00,C1164,P310,Art de la table,1,127.68,PayPal,Lyon,28,639,0,127.68
10397,2023-05-16 15:00:00,C1304,P488,Art de la table,5,96.34,Carte,Lyon,39,850,0,481.7
10398,2023-06-26 19:00:00,C1496,P359,Art de la table,2,158.24,PayPal,Toulouse,59,522,0,316.48
10399,2023-05-12 18:00:00,C1631,P405,Art de la table,2,199.55,Virement,Lyon,52,106,0,399.1
10400,2023-06-01 16:00:00,C1555,P202,Cuisine,4,46.32,PayPal,Marseille,69,679,0,185.28
10401,2023-06-07 20:00:00,C1823,P038,Cuisine,1,97.33,Carte,Marseille,46,978,0,97.33
10402,2023-05-24 20:00:00,C1155,P430,Décoration,1,91.89,Virement,Bordeaux,59,769,0,91.89
10403,2023-06-22 16:00:00,C1366,P260,Textile,3,67.85,Carte,Bordeaux,45,807,0,203.55
10404,2023-06-27 20:00:00,C1718,P188,Art de la table,1,47.64,PayPal,Lyon,35,277,0,47.64
10405,2023-06-05 18:00:00,C1901,P057,Art de la table,4,22.48,PayPal,Paris,31,65,0,89.92
10406,2023-05-08 18:00:00,C1619,P429,Textile,3,178.55,Carte,Toulouse,35,783,0,535.65
10407,2023-06-29 10:00:00,C1250,P020,Textile,3,89.77,Virement,Paris,45,900,0,269.31
10408,2023-05-28 20:00:00,C1956,P273,Décoration,2,104.41,PayPal,Lyon,41,188,0,208.82
10409,2023-06-06 17:00:00,C1915,P119,Textile,2,184.22,PayPal,Lyon,25,317,0,368.44
10410,2023-06-05 19:00:00,C1881,P071,Art de la table,1,157.5,Virement,Paris,59,916,0,157.5
10411,2023-06-23 09:00:00,C1333,P004,Art de la table,3,34.8,PayPal,Toulouse,62,138,0,104.4
10412,2023-05-09 09:00:00,C1641,P221,Art de la table,2,117.43,Carte,Paris,25,343,0,234.86
10413,2023-06-22 12:00:00,C1968,P014,Art de la table,4,94.03,PayPal,Bordeaux,21,105,0,376.12
10414,2023-05-13 20:00:00,C1510,P003,Art de la table,2,161.47,PayPal,Marseille,44,546,0,322.94
10415,2023-06-17 11:00:00,C1292,P216,Décoration,2,147.6,Virement,Bordeaux,53,380,0,295.2
10416,2023-05-06 10:00:00,C1019,P229,Art de la table,3,141.18,Carte,Marseille,22,110,0,423.54
10417,2023-06-20 13:00:00,C1281,P336,Décoration,3,74.7,Virement,Lyon,50,944,0,224.1
10418,2023-06-16 17:00:00,C1796,P186,Art de la table,5,162.94,PayPal,Toulouse,66,545,0,814.7
10419,2023-05-02 18:00:00,C1000,P055,Cuisine,4,19.95,PayPal,Paris,51,354,0,79.8
10420,2023-06-25 10:00:00,C1118,P388,Cuisine,3,40.33,Virement,Toulouse,47,743,0,120.99
10421,2023-06-28 13:00:00,C1034,P376,Cuisine,1,73.77,Virement,Paris,25,317,0,73.77
10422,2023-06-24 16:00:00,C1197,P254,Cuisine,4,24.59,Virement,Bordeaux,56,266,0,98.36
10423,2023-06-02 14:00:00,C1484,P024,Décoration,4,54.65,Carte,Bordeaux,64,694,0,218.6
10424,2023-05-01 10:00:00,C1756,P162,Décoration,3,167.73,PayPal,Paris,43,852,0,503.19
10425,2023-06-01 09:00:00,C1058,P158,Textile,4,190.17,Virement,Toulouse,54,65,0,760.68
10426,2023-05-11 13:00:00,C1836,P082,Art de la table,3,67.87,PayPal,Paris,51,333,0,203.61
10427,2023-05-26 17:00:00,C1160,P403,Cuisine,2,60.26,Carte,Lyon,24,513,0,120.52
10428,2023-05-22 19:00:00,C1690,P159,Décoration,5,63.18,Carte,Bordeaux,57,133,0,315.9
10429,2023-05-27 09:00:00,C1205,P188,Art de la table,2,62.77,Carte,Lyon,45,592,0,125.54
10430,2023-05-13 09:00:00,C1011,P060,Art de la table,3,16.83,Carte,Bordeaux,56,783,0,50.49
10431,2023-06-03 17:00:00,C1489,P403,Décoration,3,186.11,PayPal,Bordeaux,56,753,0,558.33
10432,2023-06-04 09:00:00,C1275,P305,Cuisine,2,50.6,Carte,Marseille,45,540,0,101.2
10433,2023-05-21 15:00:00,C1692,P319,Textile,1,89.8,Carte,Lyon,31,735,0,89.8
10434,2023-05-06 20:00:00,C1241,P366,Art de la table,1,11.84,Virement,Lyon,67,535,0,11.84
10435,2023-05-17 13:00:00,C1215,P211,Textile,1,173.01,Carte,Marseille,55,496,0,173.01
10436,2023-05-31 13:00:00,C1250,P406,Cuisine,3,148.92,Virement,Toulouse,21,621,0,446.76
10437,2023-06-07 11:00:00,C1810,P152,Cuisine,4,189.88,Carte,Lyon,59,619,0,759.52
10438,2023-06-22 15:00:00,C1125,P109,Textile,3,158.51,Carte,Paris,35,657,0,475.53
10439,2023-06-06 13:00:00,C1993,P076,Cuisine,4,69.6,Virement,Marseille,61,369,0,278.4
10440,2023-06-06 18:00:00,C1216,P030,Art de la table,2,57.1,Carte,Lyon,65,866,0,114.2
10441,2023-05-10 11:00:00,C1305,P314,Textile,5,142.57,PayPal,Toulouse,42,909,0,712.85
10442,2023-05-17 13:00:00,C1796,P486,Cuisine,4,79.18,PayPal,Lyon,24,910,0,316.72
10443,2023-05-14 17:00:00,C1184,P117,Textile,1,117.58,Carte,Bordeaux,55,651,0,117.58
10444,2023-06-15 09:00:00,C1038,P415,Art de la table,3,11.19,PayPal,Paris,45,796,0,33.57
10445,2023-06-20 12:00:00,C1222,P356,Cuisine,2,21.76,Virement,Marseille,22,810,0,43.52
10446,2023-05-01 09:00:00,C1183,P192,Art de la table,1,111.72,Carte,Bordeaux,20,992,0,111.72
10447,2023-06-09 10:00:00,C1494,P019,Cuisine,2,117.55,Carte,Toulouse,61,99,0,235.1
10448,2023-05-28 16:00:00,C1426,P432,Décoration,5,152.78,Virement,Bordeaux,48,317,0,763.9
10449,2023-06-08 18:00:00,C1177,P173,Cuisine,3,35.07,Virement,Bordeaux,64,123,0,105.21
10450,2023-06-27 10:00:00,C1918,P228,Textile,3,107.5,Virement,Toulouse,59,320,0,322.5
10451,2023-06-23 14:00:00,C1427,P350,Cuisine,5,46.95,Carte,Bordeaux,37,799,0,234.75
10452,2023-05-03 19:00:00,C1293,P183,Art de la table,3,27.71,Virement,Marseille,36,593,0,83.13
10453,2023-06-19 20:00:00,C1851,P113,Art de la table,4,87.99,Virement,Lyon,65,495,0,351.96
10454,2023-05-01 14:00:00,C1150,P183,Cuisine,2,41.03,PayPal,Bordeaux,28,457,0,82.06
10455,2023-06-13 13:00:00,C1383,P481,Textile,1,52.14,PayPal,Marseille,57,522,0,52.14
10456,2023-05-30 19:00:00,C1637,P146,Décoration,5,70.34,Carte,Lyon,20,520,0,351.7
10457,2023-06-26 09:00:00,C1812,P319,Textile,4,59.28,PayPal,Lyon,40,917,0,237.12
10458,2023-06-17 15:00:00,C1307,P116,Décoration,1,26.64,PayPal,Bordeaux,24,717,0,26.64
10459,2023-05-15 13:00:00,C1335,P113,Art de la table,1,27.08,Virement,Marseille,40,315,0,27.08
10460,2023-05-21 10:00:00,C1945,P251,Textile,5,46.72,Virement,Bordeaux,24,946,0,233.6
10461,2023-05-11 11:00:00,C1745,P476,Décoration,4,19.61,PayPal,Toulouse,63,709,0,78.44
10462,2023-06-08 14:00:00,C1891,P251,Cuisine,1,129.03,PayPal,Lyon,51,710,0,129.03
10463,2023-06-29 10:00:00,C1374,P303,Art de la table,1,64.59,PayPal,Bordeaux,59,542,0,64.59
10464,2023-06-07 10:00:00,C1007,P459,Cuisine,4,63.15,Carte,Lyon,36,479,0,252.6
10465,2023-06-03 10:00:00,C1340,P313,Art de la table,3,73.08,Carte,Marseille,26,913,0,219.24
10466,2023-05-30 19:00:00,C1128,P118,Textile,1,135.93,Carte,Paris,65,971,0,135.93
10467,2023-06-20 10:00:00,C1775,P301,Textile,2,175.42,PayPal,Bordeaux,68,20,0,350.84
10468,2023-06-21 17:00:00,C1668,P161,Art de la table,4,154.23,PayPal,Bordeaux,35,560,0,616.92
10469,2023-06-07 09:00:00,C1351,P401,Art de la table,1,148.23,Carte,Lyon,58,969,0,148.23
10470,2023-05-24 20:00:00,C1357,P198,Art de la table,5,102.03,Carte,Marseille,65,130,0,510.15
10471,2023-05-30 15:00:00,C1516,P260,Textile,2,141.82,PayPal,Toulouse,62,293,0,283.64
10472,2023-06-11 11:00:00,C1494,P148,Décoration,1,115.02,Virement,Marseille,59,897,0,115.02
10473,2023-05-17 13:00:00,C1085,P240,Cuisine,2,51.09,Carte,Bordeaux,42,132,0,102.18
10474,2023-05-29 12:00:00,C1174,P047,Cuisine,2,49.63,PayPal,Toulouse,69,356,0,99.26
10475,2023-05-10 16:00:00,C1801,P475,Textile,3,66.31,PayPal,Marseille,31,54,0,198.93
10476,2023-05-17 18:00:00,C1192,P399,Cuisine,2,183.05,Virement,Paris,61,890,0,366.1
10477,2023-05-17 20:00:00,C1310,P198,Art de la table,3,114.01,PayPal,Lyon,42,793,0,342.03
10478,2023-05-20 16:00:00,C1118,P047,Décoration,4,149.44,PayPal,Marseille,36,387,0,597.76
10479,2023-05-05 10:00:00,C1217,P078,Cuisine,3,75.85,Carte,Marseille,56,265,0,227.55
10480,2023-05-06 13:00:00,C1426,P124,Décoration,5,87.47,Carte,Paris,32,982,0,437.35
10481,2023-05-02 19:00:00,C1969,P075,Art de la table,1,33.86,Virement,Bordeaux,33,215,0,33.86
10482,2023-06-12 19:00:00,C1413,P359,Cuisine,4,42.55,Virement,Lyon,44,460,0,170.2
10483,2023-06-20 17:00:00,C1113,P137,Textile,4,167.2,PayPal,Marseille,57,458,0,668.8
10484,2023-05-23 15:00:00,C1977,P090,Décoration,5,121.12,Carte,Toulouse,27,802,0,605.6
10485,2023-05-16 19:00:00,C1144,P400,Art de la table,3,74.13,Virement,Marseille,21,43,0,222.39
10486,2023-06-23 16:00:00,C1537,P325,Décoration,1,162.54,Virement,Lyon,68,586,0,162.54
10487,2023-05-04 16:00:00,C1647,P061,Cuisine,3,56.84,Virement,Marseille,36,862,0,170.52
10488,2023-05-04 16:00:00,C1302,P138,Cuisine,2,195.45,PayPal,Paris,45,278,0,390.9
10489,2023-05-25 11:00:00,C1743,P050,Textile,3,75.52,Carte,Marseille,38,838,0,226.56
10490,2023-06-01 11:00:00,C1880,P259,Art de la table,4,74.09,Virement,Marseille,64,754,0,296.36
10491,2023-05-27 10:00:00,C1587,P461,Art de la table,1,69.26,Carte,Toulouse,31,130,0,69.26
10492,2023-06-27 11:00:00,C1986,P107,Textile,3,33.2,Virement,Paris,50,350,0,99.6
10493,2023-05-19 13:00:00,C1839,P113,Textile,1,31.12,Virement,Paris,65,706,0,31.12
10494,2023-05-05 10:00:00,C1344,P350,Art de la table,1,133.14,Carte,Marseille,27,544,0,133.14
10495,2023-05-28 18:00:00,C1813,P254,Décoration,2,176.27,Carte,Toulouse,36,106,0,352.54
10496,2023-05-22 13:00:00,C1963,P118,Décoration,2,160.2,Carte,Marseille,47,912,0,320.4
10497,2023-05-06 09:00:00,C1800,P493,Textile,4,36.81,PayPal,Marseille,39,716,0,147.24
10498,2023-05-05 17:00:00,C1000,P198,Décoration,5,113.66,Virement,Lyon,20,1,0,568.3
10499,2023-05-12 18:00:00,C1146,P337,Art de la table,1,30.06,PayPal,Lyon,54,757,0,30.06
10500,2023-06-15 10:00:00,C1286,P365,Cuisine,5,18.61,Carte,Toulouse,58,584,0,93.05
10501,2023-06-18 18:00:00,C1975,P051,Cuisine,4,134.71,Virement,Bordeaux,35,432,0,538.84
10502,2023-06-14 19:00:00,C1653,P245,Décoration,1,111.68,PayPal,Lyon,28,306,0,111.68
10503,2023-05-09 18:00:00,C1052,P403,Textile,1,25.58,Virement,Bordeaux,65,909,0,25.58
10504,2023-06-26 17:00:00,C1303,P426,Textile,5,16.64,PayPal,Paris,19,527,0,83.2
10505,2023-05-22 16:00:00,C1068,P035,Textile,3,198.05,Carte,Lyon,29,53,0,594.15
10506,2023-05-30 19:00:00,C1360,P302,Textile,2,15.7,PayPal,Lyon,23,940,0,31.4
10507,2023-06-17 09:00:00,C1601,P410,Textile,3,94.46,Virement,Toulouse,60,520,0,283.38
10508,2023-05-26 12:00:00,C1957,P499,Décoration,5,105.88,Virement,Bordeaux,57,330,0,529.4
10509,2023-05-01 16:00:00,C1219,P069,Cuisine,2,32.28,Virement,Lyon,61,558,0,64.56
10510,2023-06-18 11:00:00,C1961,P349,Cuisine,3,42.12,Virement,Lyon,46,325,0,126.36
10511,2023-06-21 16:00:00,C1703,P320,Décoration,2,76.84,Carte,Toulouse,47,114,0,153.68
10512,2023-05-22 18:00:00,C1965,P421,Textile,1,154.72,PayPal,Toulouse,19,147,0,154.72
10513,2023-05-28 15:00:00,C1574,P468,Décoration,3,106.35,Carte,Bordeaux,26,166,0,319.05
10514,2023-05-14 16:00:00,C1584,P049,Cuisine,2,131.2,Carte,Paris,64,379,0,262.4
10515,2023-05-02 18:00:00,C1160,P405,Art de la table,2,197.18,Carte,Paris,19,139,0,394.36
10516,2023-05-14 19:00:00,C1680,P074,Décoration,2,155.92,Virement,Marseille,46,629,0,311.84
10517,2023-06-25 11:00:00,C1088,P192,Textile,3,92.53,Virement,Lyon,50,299,0,277.59
10518,2023-05-07 11:00:00,C1687,P261,Cuisine,4,94.82,Virement,Bordeaux,27,276,0,379.28
10519,2023-06-16 15:00:00,C1780,P356,Cuisine,3,127.57,PayPal,Lyon,51,916,0,382.71
10520,2023-06-15 19:00:00,C1584,P070,Cuisine,5,136.42,Virement,Bordeaux,61,789,0,682.1
10521,2023-06-16 20:00:00,C1756,P090,Cuisine,3,105.14,PayPal,Bordeaux,25,850,0,315.42
10522,2023-06-14 10:00:00,C1588,P260,Textile,2,132.52,Virement,Bordeaux,54,825,0,265.04
10523,2023-06-27 14:00:00,C1158,P126,Art de la table,1,14.47,Virement,Lyon,50,178,0,14.47
10524,2023-06-04 11:00:00,C1488,P231,Cuisine,3,91.63,Carte,Toulouse,64,842,0,274.89
10525,2023-05-15 17:00:00,C1970,P295,Décoration,3,63.0,Carte,Lyon,23,354,0,189.0
10526,2023-06-24 13:00:00,C1323,P498,Art de la table,2,34.54,Carte,Bordeaux,61,154,0,69.08
10527,2023-05-28 18:00:00,C1609,P419,Cuisine,1,28.91,PayPal,Marseille,57,926,0,28.91
10528,2023-06-08 17:00:00,C1380,P129,Art de la table,1,124.61,PayPal,Paris,62,201,0,124.61
10529,2023-05-17 15:00:00,C1101,P280,Décoration,5,109.48,Virement,Bordeaux,36,878,0,547.4
10530,2023-05-22 18:00:00,C1493,P313,Cuisine,3,58.18,PayPal,Marseille,49,115,0,174.54
10531,2023-06-13 17:00:00,C1643,P100,Décoration,1,99.48,Virement,Toulouse,44,671,0,99.48
10532,2023-05-17 12:00:00,C1613,P326,Textile,1,103.52,PayPal,Bordeaux,18,554,0,103.52
10533,2023-05-25 12:00:00,C1018,P297,Cuisine,4,47.05,PayPal,Marseille,60,759,0,188.2
10534,2023-05-10 11:00:00,C1453,P182,Cuisine,4,133.9,PayPal,Bordeaux,69,68,0,535.6
10535,2023-06-10 10:00:00,C1481,P174,Cuisine,1,158.37,Carte,Lyon,50,445,0,158.37
10536,2023-06-16 12:00:00,C1593,P316,Cuisine,5,160.38,PayPal,Marseille,57,445,0,801.9
10537,2023-06-16 14:00:00,C1396,P364,Textile,1,124.47,Carte,Lyon,49,326,0,124.47
10538,2023-06-03 16:00:00,C1278,P188,Cuisine,2,107.21,Carte,Lyon,22,846,0,214.42
10539,2023-06-09 09:00:00,C1850,P057,Art de la table,3,21.59,PayPal,Marseille,34,708,0,64.77
10540,2023-06-13 11:00:00,C1364,P031,Cuisine,5,64.69,Virement,Paris,25,602,0,323.45
10541,2023-06-11 17:00:00,C1330,P084,Textile,2,27.72,Virement,Marseille,59,623,0,55.44
10542,2023-06-06 14:00:00,C1640,P152,Cuisine,5,193.13,Virement,Paris,51,880,0,965.65
10543,2023-06-21 18:00:00,C1343,P473,Art de la table,2,35.67,PayPal,Bordeaux,26,359,0,71.34
10544,2023-06-03 19:00:00,C1821,P036,Textile,3,38.84,Virement,Bordeaux,40,145,0,116.52
10545,2023-06-25 19:00:00,C1454,P213,Textile,3,179.02,Carte,Marseille,52,275,0,537.06
10546,2023-06-14 14:00:00,C1600,P414,Art de la table,4,189.35,Virement,Bordeaux,67,509,0,757.4
10547,2023-06-06 17:00:00,C1724,P408,Art de la table,2,155.51,PayPal,Toulouse,24,179,0,311.02
10548,2023-06-02 13:00:00,C1654,P364,Art de la table,4,11.03,Virement,Lyon,32,753,0,44.12
10549,2023-05-22 13:00:00,C1064,P106,Art de la table,2,10.26,Carte,Lyon,37,838,0,20.52
10550,2023-05-06 14:00:00,C1075,P414,Art de la table,4,81.84,PayPal,Paris,67,831,0,327.36
10551,2023-06-24 12:00:00,C1710,P342,Textile,3,37.25,Virement,Bordeaux,42,477,0,111.75
10552,2023-05-30 19:00:00,C1142,P220,Textile,5,13.49,PayPal,Paris,20,843,0,67.45
10553,2023-05-30 16:00:00,C1916,P391,Cuisine,4,98.17,PayPal,Lyon,63,976,0,392.68
10554,2023-06-24 17:00:00,C1914,P163,Cuisine,2,189.18,PayPal,Lyon,41,414,0,378.36
10555,2023-06-24 11:00:00,C1827,P439,Décoration,2,71.53,Virement,Bordeaux,51,153,0,143.06
10556,2023-06-20 16:00:00,C1604,P220,Cuisine,3,135.62,PayPal,Toulouse,63,104,0,406.86
10557,2023-06-06 12:00:00,C1472,P270,Cuisine,2,133.92,Virement,Toulouse,39,75,0,267.84
10558,2023-05-24 14:00:00,C1416,P120,Art de la table,1,57.71,Carte,Bordeaux,28,128,0,57.71
10559,2023-05-02 12:00:00,C1304,P394,Art de la table,5,133.58,Virement,Bordeaux,65,711,0,667.9
10560,2023-05-28 19:00:00,C1735,P336,Cuisine,4,50.34,Carte,Paris,25,666,0,201.36
10561,2023-05-04 14:00:00,C1496,P400,Décoration,5,33.18,Virement,Bordeaux,56,568,0,165.9
10562,2023-06-23 09:00:00,C1290,P182,Art de la table,3,143.26,PayPal,Toulouse,60,790,0,429.78
10563,2023-05-30 16:00:00,C1939,P479,Cuisine,4,31.55,Virement,Bordeaux,52,345,0,126.2
10564,2023-06-07 11:00:00,C1101,P106,Cuisine,4,199.41,PayPal,Paris,66,531,0,797.64
10565,2023-06-26 10:00:00,C1985,P217,Textile,1,44.86,Carte,Paris,63,159,0,44.86
10566,2023-05-15 19:00:00,C1266,P205,Décoration,3,122.89,Virement,Paris,55,538,0,368.67
10567,2023-05-08 18:00:00,C1866,P070,Textile,2,88.16,PayPal,Paris,25,426,0,176.32
10568,2023-06-20 20:00:00,C1967,P044,Décoration,1,34.01,Carte,Marseille,54,681,0,34.01
10569,2023-05-05 14:00:00,C1621,P329,Art de la table,1,15.29,Carte,Bordeaux,44,996,0,15.29
10570,2023-05-26 14:00:00,C1973,P301,Décoration,5,128.32,Virement,Lyon,45,23,0,641.6
10571,2023-05-04 11:00:00,C1841,P228,Cuisine,5,163.28,Carte,Bordeaux,57,47,0,816.4
10572,2023-05-20 09:00:00,C1961,P184,Cuisine,5,169.98,PayPal,Marseille,51,525,0,849.9
10573,2023-05-20 09:00:00,C1941,P107,Décoration,1,101.72,Carte,Paris,49,729,0,101.72
10574,2023-05-12 09:00:00,C1776,P084,Décoration,2,157.72,Carte,Marseille,32,834,0,315.44
10575,2023-05-26 14:00:00,C1002,P338,Décoration,4,137.84,PayPal,Toulouse,61,706,0,551.36
10576,2023-06-06 19:00:00,C1084,P250,Textile,5,147.61,Carte,Toulouse,34,144,0,738.05
10577,2023-06-05 19:00:00,C1793,P363,Décoration,2,103.59,Carte,Bordeaux,50,585,0,207.18
10578,2023-05-03 09:00:00,C1327,P441,Art de la table,3,130.35,Carte,Bordeaux,64,668,0,391.05
10579,2023-05-06 10:00:00,C1815,P021,Textile,5,163.05,Carte,Lyon,63,589,0,815.25
10580,2023-06-25 18:00:00,C1449,P196,Textile,4,85.6,PayPal,Lyon,69,419,0,342.4
10581,2023-05-05 15:00:00,C1453,P178,Décoration,3,163.14,Carte,Toulouse,33,681,0,489.42
10582,2023-05-10 20:00:00,C1923,P417,Art de la table,3,122.48,PayPal,Paris,46,973,0,367.44
10583,2023-05-02 16:00:00,C1628,P475,Textile,4,41.52,Carte,Marseille,26,799,0,166.08
10584,2023-05-02 12:00:00,C1220,P007,Cuisine,5,14.69,Carte,Lyon,50,85,0,73.45
10585,2023-05-01 13:00:00,C1153,P070,Textile,1,78.92,Carte,Lyon,66,416,0,78.92
10586,2023-05-09 09:00:00,C1664,P127,Décoration,4,113.87,Carte,Paris,46,694,0,455.48
10587,2023-05-09 19:00:00,C1011,P399,Art de la table,4,169.57,PayPal,Paris,30,482,0,678.28
10588,2023-05-15 16:00:00,C1132,P466,Décoration,4,34.22,PayPal,Bordeaux,38,456,0,136.88
10589,2023-06-07 15:00:00,C1993,P160,Cuisine,3,162.04,PayPal,Marseille,38,827,0,486.12
10590,2023-06-04 09:00:00,C1303,P248,Cuisine,2,173.97,Virement,Paris,22,297,0,347.94
10591,2023-05-05 20:00:00,C1292,P203,Cuisine,1,38.63,Carte,Lyon,27,112,0,38.63
10592,2023-06-13 10:00:00,C1974,P148,Décoration,5,171.8,Carte,Lyon,23,962,0,859.0
10593,2023-05-14 13:00:00,C1299,P472,Textile,5,198.38,PayPal,Toulouse,68,230,0,991.9
10594,2023-06-25 19:00:00,C1739,P143,Décoration,2,148.1,Virement,Paris,30,96,0,296.2
10595,2023-05-09 10:00:00,C1782,P432,Art de la table,4,159.11,Carte,Bordeaux,18,950,0,636.44
10596,2023-05-12 11:00:00,C1042,P199,Textile,1,198.94,PayPal,Marseille,37,680,0,198.94
10597,2023-06-04 09:00:00,C1943,P405,Cuisine,5,125.04,Carte,Bordeaux,64,378,0,625.2
10598,2023-06-09 14:00:00,C1342,P426,Décoration,5,68.5,Carte,Lyon,63,156,0,342.5
10599,2023-06-29 16:00:00,C1325,P154,Cuisine,4,169.13,PayPal,Bordeaux,25,421,0,676.52
10600,2023-05-11 17:00:00,C1813,P492,Cuisine,2,126.75,PayPal,Lyon,27,105,0,253.5
10601,2023-06-06 20:00:00,C1497,P376,Art de la table,1,120.43,Carte,Lyon,26,705,0,120.43
10602,2023-05-30 11:00:00,C1363,P384,Textile,2,58.19,Carte,Lyon,66,330,0,116.38
10603,2023-05-21 13:00:00,C1890,P142,Art de la table,2,153.7,PayPal,Lyon,58,439,0,307.4
10604,2023-05-05 11:00:00,C1426,P313,Art de la table,1,25.52,Carte,Lyon,20,132,0,25.52
10605,2023-06-28 18:00:00,C1020,P165,Art de la table,1,185.61,Carte,Toulouse,28,867,0,185.61
10606,2023-05-04 17:00:00,C1406,P314,Cuisine,5,71.91,PayPal,Bordeaux,29,382,0,359.55
10607,2023-06-14 18:00:00,C1618,P021,Art de la table,5,34.28,Carte,Toulouse,27,138,0,171.4
10608,2023-05-25 10:00:00,C1335,P082,Art de la table,1,94.05,Carte,Toulouse,42,943,0,94.05
10609,2023-06-09 16:00:00,C1814,P069,Textile,3,18.07,Virement,Paris,66,843,0,54.21
10610,2023-06-08 16:00:00,C1116,P131,Textile,5,140.08,PayPal,Paris,66,270,0,700.4
10611,2023-05-14 11:00:00,C1123,P087,Art de la table,3,181.51,Virement,Paris,42,550,0,544.53
10612,2023-06-07 09:00:00,C1398,P218,Textile,1,169.08,Virement,Marseille,28,396,0,169.08
10613,2023-05-23 09:00:00,C1792,P421,Textile,5,34.2,Virement,Paris,53,557,0,171.0
10614,2023-05-25 09:00:00,C1803,P472,Art de la table,2,33.99,Carte,Bordeaux,56,913,0,67.98
10615,2023-06-02 15:00:00,C1714,P305,Cuisine,1,164.55,Carte,Toulouse,43,464,0,164.55
10616,2023-05-02 13:00:00,C1050,P403,Art de la table,4,185.61,Virement,Bordeaux,31,675,0,742.44
10617,2023-06-09 16:00:00,C1782,P371,Textile,3,97.53,Virement,Paris,56,450,0,292.59
10618,2023-06-20 15:00:00,C1323,P345,Cuisine,1,104.8,Virement,Marseille,57,331,0,104.8
10619,2023-06-20 14:00:00,C1788,P341,Décoration,1,70.47,Carte,Marseille,18,253,0,70.47
10620,2023-05-06 11:00:00,C1140,P384,Cuisine,5,179.91,Virement,Toulouse,21,681,0,899.55
10621,2023-05-07 11:00:00,C1469,P396,Textile,5,132.53,Virement,Bordeaux,47,963,0,662.65
10622,2023-05-08 18:00:00,C1786,P445,Cuisine,5,64.77,PayPal,Lyon,29,285,0,323.85
10623,2023-06-21 09:00:00,C1801,P425,Art de la table,4,66.77,PayPal,Bordeaux,52,274,0,267.08
10624,2023-06-21 15:00:00,C1333,P161,Décoration,5,179.33,Carte,Paris,30,20,0,896.65
10625,2023-05-27 12:00:00,C1892,P178,Décoration,1,12.59,PayPal,Lyon,69,239,0,12.59
10626,2023-05-29 14:00:00,C1963,P117,Décoration,5,71.32,PayPal,Marseille,48,270,0,356.6
10627,2023-06-26 09:00:00,C1372,P196,Textile,2,115.33,PayPal,Toulouse,55,418,0,230.66
10628,2023-06-06 19:00:00,C1563,P383,Textile,5,38.16,Carte,Toulouse,60,945,0,190.8
10629,2023-06-24 09:00:00,C1493,P490,Décoration,4,27.5,PayPal,Marseille,40,310,0,110.0
10630,2023-05-04 14:00:00,C1538,P327,Cuisine,2,164.9,Carte,Paris,21,31,0,329.8
10631,2023-05-02 18:00:00,C1668,P086,Décoration,1,179.94,Virement,Marseille,69,826,0,179.94
10632,2023-05-05 19:00:00,C1750,P289,Cuisine,1,166.49,PayPal,Paris,33,104,0,166.49
10633,2023-05-10 09:00:00,C1155,P081,Cuisine,3,180.77,Carte,Lyon,24,682,0,542.31
10634,2023-06-23 14:00:00,C1290,P152,Textile,2,115.09,PayPal,Marseille,39,186,0,230.18
10635,2023-05-13 12:00:00,C1647,P061,Cuisine,3,164.33,Virement,Paris,46,128,0,492.99
10636,2023-06-14 16:00:00,C1143,P061,Décoration,2,82.97,Carte,Lyon,28,210,0,165.94
10637,2023-06-21 16:00:00,C1105,P354,Textile,2,136.59,Carte,Marseille,50,414,0,273.18
10638,2023-05-15 16:00:00,C1419,P028,Art de la table,4,197.88,Carte,Toulouse,46,281,0,791.52
10639,2023-05-05 12:00:00,C1669,P442,Art de la table,3,52.89,Virement,Marseille,56,959,0,158.67
10640,2023-05-12 10:00:00,C1657,P043,Textile,4,84.08,Virement,Bordeaux,29,253,0,336.32
10641,2023-05-27 11:00:00,C1001,P169,Décoration,2,101.21,Virement,Marseille,24,19,0,202.42
10642,2023-06-20 12:00:00,C1944,P423,Art de la table,1,36.22,Carte,Bordeaux,56,712,0,36.22
10643,2023-06-05 18:00:00,C1588,P086,Art de la table,2,25.4,Virement,Lyon,59,732,0,50.8
10644,2023-06-12 19:00:00,C1643,P177,Cuisine,4,167.65,PayPal,Marseille,65,136,0,670.6
10645,2023-05-05 12:00:00,C1089,P017,Cuisine,3,195.59,Virement,Lyon,43,223,0,586.77
10646,2023-05-11 18:00:00,C1344,P098,Décoration,3,86.9,Carte,Lyon,57,3,0,260.7
10647,2023-06-09 14:00:00,C1349,P454,Textile,4,26.65,PayPal,Paris,26,963,0,106.6
10648,2023-05-06 16:00:00,C1458,P494,Décoration,3,22.5,Virement,Lyon,58,236,0,67.5
10649,2023-05-23 18:00:00,C1262,P198,Textile,5,179.35,PayPal,Lyon,51,854,0,896.75
10650,2023-06-15 19:00:00,C1350,P098,Art de la table,1,98.12,PayPal,Marseille,62,465,0,98.12
10651,2023-05-12 18:00:00,C1107,P065,Cuisine,1,70.81,Carte,Marseille,30,228,0,70.81
10652,2023-05-13 16:00:00,C1585,P330,Décoration,1,100.53,PayPal,Toulouse,53,913,0,100.53
10653,2023-05-18 17:00:00,C1038,P341,Décoration,3,70.48,PayPal,Paris,42,654,0,211.44
10654,2023-06-02 16:00:00,C1908,P005,Textile,3,102.92,Carte,Lyon,41,499,0,308.76
10655,2023-06-29 19:00:00,C1158,P002,Textile,2,173.32,Carte,Paris,61,521,0,346.64
10656,2023-05-12 20:00:00,C1582,P022,Décoration,2,122.54,Carte,Bordeaux,34,702,0,245.08
10657,2023-06-05 12:00:00,C1958,P112,Textile,1,141.98,PayPal,Lyon,19,862,0,141.98
10658,2023-05-05 16:00:00,C1311,P057,Décoration,5,79.29,PayPal,Paris,30,917,0,396.45
10659,2023-06-06 16:00:00,C1240,P066,Décoration,2,150.32,PayPal,Toulouse,48,972,0,300.64
10660,2023-06-11 09:00:00,C1937,P330,Décoration,2,136.66,Carte,Toulouse,46,677,0,273.32
10661,2023-05-28 18:00:00,C1444,P098,Art de la table,3,32.72,Virement,Lyon,67,992,0,98.16
10662,2023-05-09 14:00:00,C1297,P144,Textile,5,118.8,PayPal,Bordeaux,45,139,0,594.0
10663,2023-06-20 16:00:00,C1951,P368,Cuisine,1,58.78,Virement,Toulouse,44,276,0,58.78
10664,2023-06-10 14:00:00,C1035,P435,Cuisine,2,162.78,Carte,Toulouse,32,291,0,325.56
10665,2023-05-11 15:00:00,C1083,P125,Textile,5,90.93,PayPal,Bordeaux,48,53,0,454.65
10666,2023-05-01 13:00:00,C1451,P167,Décoration,5,198.99,Virement,Paris,57,687,0,994.95
10667,2023-05-21 18:00:00,C1885,P086,Cuisine,1,27.58,PayPal,Toulouse,32,110,0,27.58
10668,2023-06-15 12:00:00,C1774,P076,Cuisine,5,158.27,PayPal,Marseille,50,715,0,791.35
10669,2023-06-23 15:00:00,C1821,P344,Textile,5,138.0,PayPal,Toulouse,37,948,0,690.0
10670,2023-06-26 09:00:00,C1384,P495,Cuisine,5,155.82,Virement,Paris,59,648,0,779.1
10671,2023-06-23 15:00:00,C1171,P424,Décoration,2,68.43,Carte,Paris,29,4,0,136.86
10672,2023-06-20 16:00:00,C1375,P294,Textile,1,103.49,PayPal,Lyon,54,667,0,103.49
10673,2023-05-15 13:00:00,C1684,P444,Décoration,5,161.34,Carte,Marseille,26,684,0,806.7
10674,2023-06-16 17:00:00,C1361,P059,Cuisine,5,54.18,Carte,Paris,40,936,0,270.9
10675,2023-06-22 17:00:00,C1558,P138,Cuisine,2,52.95,Virement,Bordeaux,25,870,0,105.9
10676,2023-05-10 12:00:00,C1890,P099,Décoration,1,114.7,Virement,Marseille,49,47,0,114.7
10677,2023-06-26 13:00:00,C1140,P192,Art de la table,3,109.48,Carte,Marseille,65,94,0,328.44
10678,2023-05-26 17:00:00,C1886,P243,Cuisine,2,63.63,PayPal,Bordeaux,31,940,0,127.26
10679,2023-06-04 12:00:00,C1917,P319,Art de la table,1,66.63,Virement,Toulouse,44,560,0,66.63
10680,2023-05-25 18:00:00,C1117,P049,Cuisine,5,62.79,PayPal,Bordeaux,42,752,0,313.95
10681,2023-05-11 14:00:00,C1276,P448,Art de la table,1,156.59,PayPal,Bordeaux,30,859,0,156.59
10682,2023-05-02 15:00:00,C1725,P032,Art de la table,1,133.86,PayPal,Toulouse,38,213,0,133.86
10683,2023-05-18 19:00:00,C1219,P391,Art de la table,1,168.16,Carte,Toulouse,62,436,0,168.16
10684,2023-06-03 19:00:00,C1904,P277,Décoration,3,195.34,PayPal,Toulouse,48,852,0,586.02
10685,2023-05-17 19:00:00,C1025,P020,Art de la table,1,100.09,Carte,Toulouse,54,508,0,100.09
10686,2023-06-28 20:00:00,C1520,P154,Art de la table,3,22.67,Carte,Toulouse,65,836,0,68.01
10687,2023-06-28 11:00:00,C1782,P383,Art de la table,5,19.14,PayPal,Bordeaux,60,651,0,95.7
10688,2023-06-23 16:00:00,C1009,P068,Cuisine,3,66.18,PayPal,Lyon,22,205,0,198.54
10689,2023-05-25 15:00:00,C1983,P366,Art de la table,5,187.18,PayPal,Lyon,30,381,0,935.9
10690,2023-06-21 14:00:00,C1377,P372,Cuisine,5,109.41,PayPal,Paris,45,73,0,547.05
10691,2023-06-22 16:00:00,C1632,P214,Art de la table,3,61.64,Carte,Lyon,60,516,0,184.92
10692,2023-06-02 09:00:00,C1636,P143,Art de la table,2,85.84,PayPal,Lyon,42,76,0,171.68
10693,2023-05-29 19:00:00,C1681,P376,Décoration,4,123.73,PayPal,Bordeaux,68,841,0,494.92
10694,2023-05-22 18:00:00,C1583,P232,Cuisine,1,134.06,Carte,Toulouse,52,77,0,134.06
10695,2023-05-28 10:00:00,C1151,P213,Art de la table,4,39.24,Virement,Toulouse,64,816,0,156.96
10696,2023-05-21 09:00:00,C1719,P079,Cuisine,1,195.64,Virement,Bordeaux,56,768,0,195.64
10697,2023-05-07 09:00:00,C1048,P214,Cuisine,1,113.51,Carte,Lyon,24,410,0,113.51
10698,2023-05-20 17:00:00,C1153,P116,Textile,5,35.78,Virement,Bordeaux,55,614,0,178.9
10699,2023-06-18 12:00:00,C1858,P092,Décoration,1,179.79,Carte,Paris,49,106,0,179.79
10700,2023-06-23 14:00:00,C1292,P270,Décoration,1,24.18,PayPal,Toulouse,20,845,0,24.18
10701,2023-05-28 16:00:00,C1579,P411,Décoration,3,182.47,PayPal,Marseille,62,551,0,547.41
10702,2023-06-18 15:00:00,C1049,P381,Textile,4,199.35,Virement,Paris,56,476,0,797.4
10703,2023-05-01 15:00:00,C1663,P489,Textile,3,143.08,PayPal,Paris,54,826,0,429.24
10704,2023-06-20 19:00:00,C1530,P168,Décoration,1,156.38,Virement,Bordeaux,67,275,0,156.38
10705,2023-06-25 11:00:00,C1611,P058,Textile,5,74.09,Virement,Lyon,39,88,0,370.45
10706,2023-06-01 09:00:00,C1059,P284,Textile,3,188.9,PayPal,Toulouse,25,723,0,566.7
10707,2023-06-14 16:00:00,C1166,P026,Textile,3,110.65,PayPal,Marseille,34,881,0,331.95
10708,2023-05-19 10:00:00,C1201,P369,Décoration,2,149.15,Virement,Paris,69,77,0,298.3
10709,2023-05-01 11:00:00,C1856,P447,Décoration,1,185.58,PayPal,Marseille,44,77,0,185.58
10710,2023-06-16 10:00:00,C1145,P066,Décoration,5,195.28,Carte,Lyon,50,442,0,976.4
10711,2023-05-02 14:00:00,C1914,P409,Textile,3,168.31,PayPal,Lyon,63,540,0,504.93
10712,2023-05-28 09:00:00,C1675,P248,Décoration,3,67.57,PayPal,Marseille,34,245,0,202.71
10713,2023-06-19 14:00:00,C1969,P254,Textile,5,193.64,Carte,Toulouse,59,578,0,968.2
10714,2023-06-20 12:00:00,C1992,P387,Art de la table,1,129.34,PayPal,Lyon,29,778,0,129.34
10715,2023-05-01 16:00:00,C1438,P456,Textile,2,186.82,PayPal,Marseille,65,382,0,373.64
10716,2023-05-29 15:00:00,C1241,P044,Cuisine,3,138.46,Virement,Paris,63,982,0,415.38
10717,2023-06-08 11:00:00,C1580,P097,Décoration,2,68.38,PayPal,Marseille,44,717,0,136.76
10718,2023-06-01 18:00:00,C1686,P042,Décoration,4,80.3,PayPal,Marseille,65,570,0,321.2
10719,2023-05-10 11:00:00,C1560,P227,Cuisine,1,114.59,Carte,Bordeaux,25,713,0,114.59
10720,2023-06-15 10:00:00,C1482,P262,Textile,4,160.1,Virement,Lyon,40,737,0,640.4
10721,2023-06-29 09:00:00,C1107,P167,Art de la table,4,70.42,Virement,Toulouse,59,142,0,281.68
10722,2023-05-23 15:00:00,C1225,P436,Cuisine,4,120.15,Virement,Toulouse,66,893,0,480.6
10723,2023-05-28 10:00:00,C1672,P279,Cuisine,1,75.67,PayPal,Bordeaux,46,368,0,75.67
10724,2023-05-07 16:00:00,C1630,P089,Textile,1,165.0,Virement,Toulouse,67,84,0,165.0
10725,2023-05-01 17:00:00,C1660,P379,Décoration,5,98.68,Carte,Marseille,37,143,0,493.4
10726,2023-06-24 11:00:00,C1976,P178,Textile,2,24.58,Virement,Bordeaux,33,352,0,49.16
10727,2023-05-24 15:00:00,C1661,P427,Cuisine,2,41.55,Carte,Paris,34,545,0,83.1
10728,2023-06-28 16:00:00,C1431,P403,Cuisine,5,21.61,Virement,Lyon,33,913,0,108.05
10729,2023-06-23 17:00:00,C1804,P197,Décoration,5,104.87,Virement,Lyon,36,152,0,524.35
10730,2023-06-16 13:00:00,C1654,P307,Décoration,4,30.2,Carte,Lyon,25,158,0,120.8
10731,2023-05-03 11:00:00,C1418,P267,Décoration,5,31.69,Virement,Marseille,55,446,0,158.45
10732,2023-06-02 20:00:00,C1987,P268,Textile,3,188.8,Virement,Paris,55,653,0,566.4
10733,2023-06-16 16:00:00,C1454,P074,Décoration,2,175.8,Virement,Bordeaux,46,958,0,351.6
10734,2023-06-03 11:00:00,C1159,P008,Cuisine,5,95.9,PayPal,Bordeaux,58,763,0,479.5
10735,2023-06-01 16:00:00,C1522,P408,Cuisine,3,197.3,Carte,Lyon,53,303,0,591.9
10736,2023-05-14 16:00:00,C1649,P476,Art de la table,3,10.04,Virement,Paris,43,624,0,30.12
10737,2023-06-15 19:00:00,C1968,P297,Textile,3,126.66,Carte,Paris,48,656,0,379.98
10738,2023-05-16 12:00:00,C1589,P164,Art de la table,3,127.12,Carte,Paris,61,450,0,381.36
10739,2023-06-21 13:00:00,C1076,P485,Cuisine,4,96.91,Carte,Toulouse,29,721,0,387.64
10740,2023-06-23 13:00:00,C1508,P085,Art de la table,3,85.42,Virement,Toulouse,34,224,0,256.26
10741,2023-05-14 15:00:00,C1440,P072,Cuisine,4,96.52,Virement,Lyon,32,43,0,386.08
10742,2023-06-17 10:00:00,C1253,P055,Art de la table,4,88.84,Carte,Paris,26,264,0,355.36
10743,2023-05-07 18:00:00,C1920,P393,Décoration,3,148.79,PayPal,Paris,56,756,0,446.37
10744,2023-05-07 09:00:00,C1769,P047,Art de la table,2,35.72,Carte,Bordeaux,59,3,0,71.44
10745,2023-05-23 13:00:00,C1319,P399,Décoration,3,47.55,PayPal,Bordeaux,65,637,0,142.65
10746,2023-05-19 11:00:00,C1802,P432,Décoration,3,44.3,Carte,Lyon,29,268,0,132.9
10747,2023-06-05 20:00:00,C1262,P238,Textile,3,59.87,Carte,Paris,49,596,0,179.61
10748,2023-05-18 10:00:00,C1596,P104,Décoration,2,109.8,Carte,Lyon,42,16,0,219.6
10749,2023-05-01 13:00:00,C1657,P210,Décoration,1,31.13,Virement,Bordeaux,56,334,0,31.13
10750,2023-05-20 19:00:00,C1834,P042,Art de la table,1,174.95,PayPal,Bordeaux,35,464,0,174.95
10751,2023-06-11 10:00:00,C1553,P316,Cuisine,4,66.5,PayPal,Toulouse,32,59,0,266.0
10752,2023-05-03 15:00:00,C1373,P468,Textile,4,40.88,Carte,Lyon,49,177,0,163.52
10753,2023-06-24 20:00:00,C1636,P454,Décoration,2,138.37,Virement,Lyon,23,63,0,276.74
10754,2023-05-20 13:00:00,C1166,P268,Textile,5,17.24,Virement,Paris,61,958,0,86.2
10755,2023-06-06 14:00:00,C1936,P386,Art de la table,1,127.79,PayPal,Paris,60,561,0,127.79
10756,2023-05-30 17:00:00,C1752,P263,Décoration,4,142.66,Virement,Toulouse,69,307,0,570.64
10757,2023-06-03 13:00:00,C1458,P336,Art de la table,1,50.83,PayPal,Marseille,52,246,0,50.83
10758,2023-06-13 11:00:00,C1998,P387,Textile,2,17.97,PayPal,Marseille,51,289,0,35.94
10759,2023-06-21 18:00:00,C1279,P365,Art de la table,2,79.09,PayPal,Marseille,55,798,0,158.18
10760,2023-05-22 20:00:00,C1699,P259,Textile,5,28.73,Virement,Lyon,22,955,0,143.65
10761,2023-05-24 09:00:00,C1301,P283,Art de la table,5,32.13,PayPal,Lyon,35,332,0,160.65
10762,2023-05-10 16:00:00,C1530,P114,Textile,2,58.31,PayPal,Bordeaux,33,527,0,116.62
10763,2023-06-28 15:00:00,C1579,P363,Cuisine,4,66.14,Carte,Lyon,25,850,0,264.56
10764,2023-06-01 09:00:00,C1217,P040,Art de la table,1,110.69,PayPal,Lyon,42,255,0,110.69
10765,2023-06-19 11:00:00,C1101,P486,Art de la table,3,138.89,PayPal,Lyon,49,604,0,416.67
10766,2023-05-17 17:00:00,C1553,P417,Cuisine,5,122.63,Carte,Toulouse,43,510,0,613.15
10767,2023-06-09 10:00:00,C1287,P220,Cuisine,3,38.19,Carte,Lyon,69,791,0,114.57
10768,2023-06-14 17:00:00,C1166,P129,Art de la table,4,42.7,Virement,Paris,39,718,0,170.8
10769,2023-06-08 17:00:00,C1620,P008,Cuisine,5,176.97,PayPal,Paris,48,606,0,884.85
10770,2023-06-23 14:00:00,C1035,P101,Décoration,3,116.09,Virement,Bordeaux,60,737,0,348.27
10771,2023-06-12 12:00:00,C1743,P416,Textile,4,175.29,Virement,Toulouse,27,813,0,701.16
10772,2023-05-26 18:00:00,C1740,P380,Textile,1,80.59,Carte,Paris,29,830,0,80.59
10773,2023-05-29 10:00:00,C1352,P176,Textile,4,126.74,Virement,Toulouse,45,463,0,506.96
10774,2023-05-23 13:00:00,C1675,P107,Décoration,5,109.5,PayPal,Toulouse,23,199,0,547.5
10775,2023-05-11 14:00:00,C1898,P101,Cuisine,2,70.63,Carte,Bordeaux,37,271,0,141.26
10776,2023-05-18 13:00:00,C1072,P260,Cuisine,1,99.28,PayPal,Toulouse,22,746,0,99.28
10777,2023-06-11 12:00:00,C1647,P478,Art de la table,3,105.47,PayPal,Lyon,40,558,0,316.41
10778,2023-06-10 14:00:00,C1352,P454,Cuisine,5,48.15,Carte,Toulouse,26,64,0,240.75
10779,2023-06-03 09:00:00,C1890,P366,Art de la table,2,69.85,PayPal,Bordeaux,46,230,0,139.7
10780,2023-06-06 17:00:00,C1069,P246,Décoration,4,160.37,Carte,Bordeaux,33,942,0,641.48
10781,2023-06-07 18:00:00,C1424,P275,Textile,2,184.0,PayPal,Bordeaux,63,952,0,368.0
10782,2023-05-12 15:00:00,C1998,P032,Textile,5,78.36,Carte,Paris,39,249,0,391.8
10783,2023-06-22 18:00:00,C1707,P137,Textile,5,68.32,Virement,Lyon,25,246,0,341.6
10784,2023-05-22 13:00:00,C1780,P012,Cuisine,2,47.09,PayPal,Paris,37,940,0,94.18
10785,2023-05-27 17:00:00,C1560,P395,Art de la table,4,138.91,Carte,Marseille,68,587,0,555.64
10786,2023-05-31 14:00:00,C1827,P302,Art de la table,2,71.39,PayPal,Lyon,31,157,0,142.78
10787,2023-05-27 16:00:00,C1641,P375,Décoration,5,197.67,PayPal,Toulouse,56,735,0,988.35
10788,2023-06-03 20:00:00,C1955,P016,Cuisine,5,71.88,PayPal,Bordeaux,54,702,0,359.4
10789,2023-06-14 17:00:00,C1516,P129,Décoration,3,84.89,Carte,Marseille,67,985,0,254.67
10790,2023-06-22 15:00:00,C1427,P063,Art de la table,3,124.63,Virement,Lyon,51,564,0,373.89
10791,2023-05-10 09:00:00,C1538,P109,Art de la table,1,162.32,Virement,Paris,28,950,0,162.32
10792,2023-05-26 13:00:00,C1159,P375,Textile,5,99.21,Virement,Bordeaux,57,88,0,496.05
10793,2023-05-28 18:00:00,C1148,P021,Cuisine,3,90.3,Carte,Paris,50,313,0,270.9
10794,2023-06-15 10:00:00,C1775,P158,Art de la table,2,199.17,Virement,Lyon,48,851,0,398.34
10795,2023-06-29 14:00:00,C1229,P269,Textile,4,11.99,Carte,Lyon,61,66,0,47.96
10796,2023-06-12 09:00:00,C1711,P162,Cuisine,2,180.06,PayPal,Marseille,51,662,0,360.12
10797,2023-06-20 13:00:00,C1561,P260,Décoration,4,38.34,PayPal,Toulouse,67,20,0,153.36
10798,2023-06-05 11:00:00,C1066,P412,Cuisine,3,159.33,Virement,Paris,24,33,0,477.99
10799,2023-05-26 13:00:00,C1811,P102,Cuisine,1,127.41,Carte,Marseille,66,840,0,127.41
10800,2023-05-11 16:00:00,C1380,P223,Art de la table,2,74.95,PayPal,Bordeaux,40,793,0,149.9
10801,2023-05-11 12:00:00,C1057,P059,Art de la table,2,176.04,Carte,Toulouse,63,558,0,352.08
10802,2023-06-18 19:00:00,C1258,P247,Cuisine,2,12.45,Carte,Marseille,24,73,0,24.9
10803,2023-06-08 16:00:00,C1341,P128,Art de la table,4,53.07,PayPal,Paris,42,866,0,212.28
10804,2023-06-04 14:00:00,C1837,P283,Art de la table,3,117.71,Carte,Lyon,20,825,0,353.13
10805,2023-06-03 15:00:00,C1129,P325,Art de la table,2,76.79,PayPal,Bordeaux,55,343,0,153.58
10806,2023-06-16 16:00:00,C1726,P025,Textile,2,125.97,PayPal,Paris,37,133,0,251.94
10807,2023-06-23 14:00:00,C1171,P131,Textile,1,14.58,PayPal,Toulouse,51,55,0,14.58
10808,2023-05-05 16:00:00,C1769,P353,Cuisine,1,32.13,Carte,Toulouse,66,61,0,32.13
10809,2023-06-02 18:00:00,C1613,P196,Art de la table,3,34.15,PayPal,Lyon,61,857,0,102.45
10810,2023-06-05 12:00:00,C1208,P281,Textile,3,45.96,Carte,Lyon,61,520,0,137.88
10811,2023-05-19 11:00:00,C1802,P404,Cuisine,5,97.27,PayPal,Bordeaux,47,272,0,486.35
10812,2023-06-21 19:00:00,C1353,P418,Art de la table,1,152.9,PayPal,Bordeaux,34,246,0,152.9
10813,2023-05-17 19:00:00,C1470,P154,Décoration,5,182.05,Virement,Lyon,27,176,0,910.25
10814,2023-06-14 19:00:00,C1797,P382,Art de la table,4,168.72,Virement,Lyon,52,628,0,674.88
10815,2023-06-03 17:00:00,C1115,P133,Art de la table,5,47.41,Virement,Toulouse,37,317,0,237.05
10816,2023-05-26 10:00:00,C1263,P227,Textile,2,93.82,Carte,Lyon,35,783,0,187.64
10817,2023-06-22 17:00:00,C1661,P189,Cuisine,5,47.89,Carte,Marseille,62,705,0,239.45
10818,2023-05-09 16:00:00,C1811,P476,Cuisine,3,60.25,PayPal,Paris,61,662,0,180.75
10819,2023-05-17 09:00:00,C1441,P477,Textile,4,105.67,PayPal,Lyon,44,131,0,422.68
10820,2023-05-25 19:00:00,C1547,P265,Art de la table,2,22.94,PayPal,Bordeaux,66,102,0,45.88
10821,2023-06-09 18:00:00,C1452,P372,Décoration,5,51.45,PayPal,Marseille,53,310,0,257.25
10822,2023-05-25 15:00:00,C1844,P486,Art de la table,4,187.72,Carte,Bordeaux,40,782,0,750.88
10823,2023-06-04 11:00:00,C1476,P434,Art de la table,4,98.56,PayPal,Marseille,49,292,0,394.24
10824,2023-06-19 13:00:00,C1286,P134,Décoration,2,94.62,PayPal,Lyon,27,722,0,189.24
10825,2023-06-13 20:00:00,C1302,P211,Textile,5,12.77,Virement,Paris,28,495,0,63.85
10826,2023-06-20 14:00:00,C1310,P060,Cuisine,4,57.01,PayPal,Bordeaux,55,361,0,228.04
10827,2023-06-03 20:00:00,C1207,P428,Textile,4,174.6,PayPal,Marseille,23,338,0,698.4
10828,2023-05-19 13:00:00,C1617,P377,Textile,1,41.28,PayPal,Toulouse,58,579,0,41.28
10829,2023-06-13 19:00:00,C1445,P395,Art de la table,4,88.87,Carte,Lyon,64,10,0,355.48
10830,2023-06-28 09:00:00,C1669,P450,Cuisine,1,12.72,Virement,Paris,51,49,0,12.72
10831,2023-05-17 18:00:00,C1632,P431,Cuisine,5,100.88,PayPal,Lyon,53,487,0,504.4
10832,2023-06-26 15:00:00,C1054,P364,Textile,5,13.99,PayPal,Toulouse,54,623,0,69.95
10833,2023-06-18 20:00:00,C1911,P364,Décoration,5,165.73,Virement,Paris,34,321,0,828.65
10834,2023-05-16 16:00:00,C1011,P457,Textile,3,166.72,PayPal,Toulouse,57,731,0,500.16
10835,2023-05-19 16:00:00,C1656,P213,Décoration,5,159.67,Carte,Lyon,57,569,0,798.35
10836,2023-05-31 13:00:00,C1399,P216,Cuisine,4,63.84,PayPal,Marseille,29,795,0,255.36
10837,2023-05-17 15:00:00,C1907,P226,Textile,2,169.08,Carte,Lyon,38,971,0,338.16
10838,2023-06-06 14:00:00,C1647,P470,Art de la table,1,113.17,Carte,Lyon,57,625,0,113.17
10839,2023-05-16 14:00:00,C1979,P131,Textile,3,81.02,PayPal,Lyon,36,133,0,243.06
10840,2023-05-08 17:00:00,C1514,P076,Cuisine,5,128.81,Virement,Bordeaux,20,583,0,644.05
10841,2023-05-18 17:00:00,C1655,P476,Art de la table,5,12.34,Carte,Toulouse,35,83,0,61.7
10842,2023-05-12 19:00:00,C1541,P286,Art de la table,2,37.16,Virement,Toulouse,68,57,0,74.32
10843,2023-05-26 17:00:00,C1236,P474,Décoration,2,151.04,PayPal,Toulouse,36,376,0,302.08
10844,2023-06-14 18:00:00,C1278,P496,Art de la table,3,56.39,Carte,Bordeaux,64,349,0,169.17
10845,2023-06-16 18:00:00,C1347,P277,Art de la table,1,123.62,PayPal,Marseille,23,271,0,123.62
10846,2023-05-16 15:00:00,C1626,P156,Textile,5,83.17,Virement,Lyon,33,483,0,415.85
10847,2023-05-17 15:00:00,C1103,P248,Cuisine,3,172.41,PayPal,Marseille,25,111,0,517.23
10848,2023-05-26 13:00:00,C1629,P218,Décoration,4,190.96,PayPal,Bordeaux,65,869,0,763.84
10849,2023-05-22 18:00:00,C1516,P190,Textile,4,177.88,Carte,Toulouse,35,887,0,711.52
10850,2023-05-07 13:00:00,C1979,P417,Art de la table,3,61.42,PayPal,Lyon,69,76,0,184.26
10851,2023-05-07 17:00:00,C1871,P469,Art de la table,5,46.89,PayPal,Paris,65,158,0,234.45
10852,2023-06-20 16:00:00,C1247,P163,Décoration,3,100.14,PayPal,Paris,60,532,0,300.42
10853,2023-06-19 19:00:00,C1363,P180,Cuisine,5,11.39,Carte,Marseille,56,933,0,56.95
10854,2023-05-23 10:00:00,C1320,P034,Décoration,2,14.9,Virement,Toulouse,66,643,0,29.8
10855,2023-05-31 12:00:00,C1632,P041,Textile,3,115.13,Virement,Paris,66,329,0,345.39
10856,2023-06-08 11:00:00,C1285,P307,Décoration,5,108.89,PayPal,Marseille,29,122,0,544.45
10857,2023-05-18 19:00:00,C1148,P431,Art de la table,3,198.97,Carte,Bordeaux,62,41,0,596.91
10858,2023-06-11 15:00:00,C1083,P338,Textile,3,48.35,PayPal,Marseille,27,167,0,145.05
10859,2023-05-17 16:00:00,C1965,P314,Art de la table,5,59.04,Virement,Marseille,24,922,0,295.2
10860,2023-06-04 20:00:00,C1405,P075,Cuisine,5,31.57,Carte,Marseille,63,642,0,157.85
10861,2023-06-29 10:00:00,C1977,P441,Art de la table,1,184.33,Virement,Lyon,18,23,0,184.33
10862,2023-05-03 13:00:00,C1455,P279,Art de la table,3,157.78,Virement,Marseille,66,279,0,473.34
10863,2023-06-12 16:00:00,C1742,P176,Décoration,4,166.24,Carte,Marseille,53,763,0,664.96
10864,2023-05-26 15:00:00,C1799,P384,Art de la table,3,181.53,Carte,Lyon,38,469,0,544.59
10865,2023-05-23 20:00:00,C1160,P150,Textile,3,109.73,PayPal,Lyon,54,400,0,329.19
10866,2023-06-08 16:00:00,C1783,P273,Textile,5,95.73,PayPal,Bordeaux,69,9,0,478.65
10867,2023-06-18 12:00:00,C1459,P325,Cuisine,3,72.77,Virement,Toulouse,41,13,0,218.31
10868,2023-05-29 14:00:00,C1549,P108,Textile,3,121.95,Carte,Paris,42,924,0,365.85
10869,2023-05-25 10:00:00,C1499,P139,Décoration,4,96.31,Carte,Paris,24,923,0,385.24
10870,2023-06-02 18:00:00,C1737,P350,Cuisine,5,95.8,PayPal,Marseille,59,819,0,479.0
10871,2023-06-13 10:00:00,C1508,P271,Textile,3,188.02,Virement,Bordeaux,34,832,0,564.06
10872,2023-06-24 11:00:00,C1653,P347,Décoration,2,196.97,Virement,Marseille,46,52,0,393.94
10873,2023-06-11 10:00:00,C1803,P419,Textile,1,161.33,PayPal,Paris,47,209,0,161.33
10874,2023-05-30 19:00:00,C1480,P289,Textile,4,153.78,Carte,Lyon,24,550,0,615.12
10875,2023-06-24 10:00:00,C1662,P212,Art de la table,3,139.31,PayPal,Toulouse,50,612,0,417.93
10876,2023-06-01 11:00:00,C1113,P381,Textile,2,41.55,PayPal,Bordeaux,24,705,0,83.1
10877,2023-06-28 15:00:00,C1748,P272,Textile,3,21.23,PayPal,Lyon,41,402,0,63.69
10878,2023-06-15 12:00:00,C1577,P418,Décoration,3,141.24,PayPal,Toulouse,28,191,0,423.72
10879,2023-05-29 09:00:00,C1360,P066,Décoration,5,148.47,Carte,Bordeaux,26,51,0,742.35
10880,2023-05-29 13:00:00,C1340,P483,Art de la table,5,18.92,PayPal,Bordeaux,29,393,0,94.6
10881,2023-06-13 17:00:00,C1769,P424,Textile,5,186.33,Carte,Paris,52,653,0,931.65
10882,2023-05-16 16:00:00,C1986,P248,Art de la table,2,27.32,PayPal,Lyon,21,680,0,54.64
10883,2023-06-13 17:00:00,C1760,P156,Textile,3,64.32,Virement,Bordeaux,53,823,0,192.96
10884,2023-05-10 17:00:00,C1968,P047,Cuisine,1,137.75,Carte,Bordeaux,45,621,0,137.75
10885,2023-06-08 12:00:00,C1448,P423,Cuisine,4,42.28,Virement,Toulouse,30,719,0,169.12
10886,2023-05-05 09:00:00,C1842,P454,Art de la table,5,20.53,PayPal,Paris,40,939,0,102.65
10887,2023-05-30 09:00:00,C1834,P201,Art de la table,5,72.92,PayPal,Marseille,36,300,0,364.6
10888,2023-05-03 16:00:00,C1179,P148,Art de la table,3,155.53,PayPal,Paris,59,622,0,466.59
10889,2023-05-30 10:00:00,C1701,P124,Décoration,3,88.6,Carte,Marseille,54,196,0,265.8
10890,2023-05-04 10:00:00,C1406,P001,Décoration,2,134.06,Virement,Lyon,56,417,0,268.12
10891,2023-06-06 17:00:00,C1665,P456,Décoration,2,120.13,Carte,Lyon,41,664,0,240.26
10892,2023-06-17 09:00:00,C1195,P247,Art de la table,5,14.22,Carte,Bordeaux,33,420,0,71.1
10893,2023-06-22 17:00:00,C1465,P343,Textile,3,197.82,PayPal,Lyon,50,755,0,593.46
10894,2023-05-15 09:00:00,C1310,P128,Cuisine,1,17.87,Virement,Bordeaux,29,640,0,17.87
10895,2023-06-26 16:00:00,C1261,P191,Art de la table,4,193.88,PayPal,Paris,51,617,0,775.52
10896,2023-05-04 20:00:00,C1418,P067,Décoration,3,114.47,Carte,Lyon,24,522,0,343.41
10897,2023-06-28 18:00:00,C1405,P004,Décoration,3,193.0,PayPal,Paris,28,356,0,579.0
10898,2023-06-06 13:00:00,C1938,P442,Art de la table,2,31.8,Virement,Paris,48,148,0,63.6
10899,2023-06-12 20:00:00,C1142,P409,Art de la table,4,103.18,PayPal,Lyon,46,365,0,412.72
10900,2023-05-06 15:00:00,C1341,P303,Décoration,5,42.21,Virement,Paris,30,364,0,211.05
10901,2023-06-25 16:00:00,C1315,P294,Textile,3,19.69,Virement,Lyon,48,971,0,59.07
10902,2023-05-11 10:00:00,C1100,P143,Décoration,5,127.33,PayPal,Lyon,19,652,0,636.65
10903,2023-05-25 15:00:00,C1243,P191,Décoration,3,49.48,Carte,Lyon,56,702,0,148.44
10904,2023-06-21 12:00:00,C1489,P021,Art de la table,5,121.66,PayPal,Marseille,32,402,0,608.3
10905,2023-06-28 16:00:00,C1011,P227,Textile,4,31.35,Carte,Paris,28,606,0,125.4
10906,2023-05-20 14:00:00,C1238,P313,Décoration,2,73.08,Carte,Toulouse,51,492,0,146.16
10907,2023-06-22 11:00:00,C1560,P117,Décoration,4,158.51,PayPal,Lyon,56,229,0,634.04
10908,2023-06-14 18:00:00,C1041,P437,Cuisine,1,93.04,Carte,Paris,21,575,0,93.04
10909,2023-06-12 10:00:00,C1677,P302,Art de la table,2,129.27,Carte,Bordeaux,28,852,0,258.54
10910,2023-06-26 18:00:00,C1593,P142,Cuisine,4,133.02,PayPal,Lyon,46,537,0,532.08
10911,2023-06-10 09:00:00,C1428,P484,Cuisine,1,170.31,PayPal,Lyon,19,268,0,170.31
10912,2023-06-27 11:00:00,C1802,P460,Décoration,3,71.74,PayPal,Toulouse,33,405,0,215.22
10913,2023-06-25 14:00:00,C1157,P401,Art de la table,3,140.59,Carte,Marseille,56,793,0,421.77
10914,2023-05-05 13:00:00,C1215,P039,Textile,5,192.71,Virement,Marseille,30,11,0,963.55
10915,2023-06-23 15:00:00,C1669,P393,Décoration,2,148.75,Carte,Lyon,54,320,0,297.5
10916,2023-06-18 17:00:00,C1461,P355,Textile,3,103.08,Virement,Paris,34,713,0,309.24
10917,2023-06-04 12:00:00,C1133,P252,Textile,2,129.84,PayPal,Bordeaux,38,126,0,259.68
10918,2023-06-27 09:00:00,C1066,P333,Art de la table,3,150.54,Virement,Bordeaux,61,306,0,451.62
10919,2023-06-28 18:00:00,C1847,P207,Cuisine,5,126.33,PayPal,Paris,36,702,0,631.65
10920,2023-06-04 10:00:00,C1006,P210,Art de la table,4,13.17,PayPal,Lyon,24,511,0,52.68
10921,2023-05-18 09:00:00,C1947,P115,Textile,5,47.01,Virement,Bordeaux,55,89,0,235.05
10922,2023-05-24 11:00:00,C1525,P225,Décoration,1,163.99,PayPal,Marseille,25,355,0,163.99
10923,2023-06-01 11:00:00,C1072,P134,Textile,3,61.8,Virement,Paris,30,628,0,185.4
10924,2023-06-07 16:00:00,C1398,P251,Décoration,1,149.0,PayPal,Toulouse,54,352,0,149.0
10925,2023-06-16 17:00:00,C1404,P219,Décoration,1,80.7,Carte,Lyon,19,689,0,80.7
10926,2023-05-09 12:00:00,C1674,P407,Art de la table,2,109.16,Carte,Paris,58,14,0,218.32
10927,2023-05-14 13:00:00,C1577,P443,Textile,3,22.91,PayPal,Bordeaux,28,257,0,68.73
10928,2023-06-03 19:00:00,C1858,P091,Cuisine,1,44.43,PayPal,Lyon,41,209,0,44.43
10929,2023-06-10 16:00:00,C1129,P354,Textile,4,191.87,Virement,Marseille,23,281,0,767.48
10930,2023-05-03 19:00:00,C1930,P376,Textile,1,179.13,Carte,Lyon,43,443,0,179.13
10931,2023-05-28 17:00:00,C1465,P046,Cuisine,4,133.93,Virement,Lyon,24,840,0,535.72
10932,2023-05-03 17:00:00,C1205,P038,Art de la table,2,97.33,PayPal,Marseille,56,837,0,194.66
10933,2023-06-03 20:00:00,C1787,P142,Textile,1,138.39,PayPal,Marseille,36,389,0,138.39
10934,2023-06-11 17:00:00,C1977,P100,Textile,5,127.54,Virement,Lyon,23,617,0,637.7
10935,2023-05-15 16:00:00,C1767,P328,Décoration,2,118.02,PayPal,Marseille,60,483,0,236.04
10936,2023-05-25 13:00:00,C1265,P190,Textile,4,21.24,Carte,Paris,46,147,0,84.96
10937,2023-05-11 19:00:00,C1536,P035,Cuisine,2,130.23,Virement,Marseille,60,279,0,260.46
10938,2023-06-03 16:00:00,C1961,P147,Décoration,1,156.09,Carte,Marseille,56,521,0,156.09
10939,2023-06-29 14:00:00,C1792,P030,Art de la table,3,198.88,Carte,Lyon,19,630,0,596.64
10940,2023-05-08 19:00:00,C1252,P334,Décoration,3,12.1,Carte,Paris,36,606,0,36.3
10941,2023-05-05 18:00:00,C1821,P084,Cuisine,4,148.73,Virement,Toulouse,21,434,0,594.92
10942,2023-05-18 14:00:00,C1288,P369,Cuisine,4,118.64,PayPal,Toulouse,23,144,0,474.56
10943,2023-06-06 20:00:00,C1163,P281,Décoration,3,92.47,Carte,Bordeaux,66,289,0,277.41
10944,2023-06-17 20:00:00,C1094,P424,Art de la table,4,34.24,Carte,Marseille,54,386,0,136.96
10945,2023-05-05 09:00:00,C1781,P344,Décoration,2,87.73,Carte,Marseille,45,14,0,175.46
10946,2023-06-19 16:00:00,C1832,P270,Art de la table,5,77.33,PayPal,Paris,47,257,0,386.65
10947,2023-06-14 11:00:00,C1109,P154,Décoration,5,67.54,PayPal,Toulouse,24,346,0,337.7
10948,2023-06-27 11:00:00,C1335,P102,Cuisine,2,148.87,Virement,Bordeaux,26,698,0,297.74
10949,2023-06-25 16:00:00,C1821,P215,Textile,5,143.14,PayPal,Paris,42,345,0,715.7
10950,2023-06-03 16:00:00,C1237,P150,Textile,1,121.91,Virement,Marseille,50,400,0,121.91
10951,2023-05-27 09:00:00,C1380,P432,Art de la table,2,188.35,Virement,Toulouse,18,207,0,376.7
10952,2023-05-06 16:00:00,C1435,P083,Art de la table,4,76.47,Virement,Bordeaux,68,858,0,305.88
10953,2023-05-19 16:00:00,C1898,P110,Art de la table,2,56.32,Virement,Lyon,23,943,0,112.64
10954,2023-05-28 09:00:00,C1482,P435,Cuisine,3,134.62,Virement,Toulouse,35,172,0,403.86
10955,2023-06-28 19:00:00,C1936,P387,Décoration,4,47.77,Carte,Bordeaux,27,464,0,191.08
10956,2023-06-17 17:00:00,C1901,P426,Cuisine,3,69.85,PayPal,Paris,45,270,0,209.55
10957,2023-05-13 19:00:00,C1024,P275,Textile,4,52.67,Carte,Lyon,28,221,0,210.68
10958,2023-06-14 17:00:00,C1652,P201,Art de la table,5,23.14,Virement,Bordeaux,50,152,0,115.7
10959,2023-06-22 18:00:00,C1116,P284,Décoration,2,167.22,PayPal,Bordeaux,18,623,0,334.44
10960,2023-06-05 19:00:00,C1481,P468,Textile,1,58.36,Carte,Marseille,30,183,0,58.36
10961,2023-06-07 20:00:00,C1391,P173,Textile,4,99.88,Carte,Toulouse,54,399,0,399.52
10962,2023-05-07 13:00:00,C1916,P327,Textile,4,18.23,Virement,Marseille,37,851,0,72.92
10963,2023-06-12 18:00:00,C1993,P206,Cuisine,3,142.87,Carte,Lyon,18,72,0,428.61
10964,2023-06-26 11:00:00,C1963,P063,Art de la table,5,72.81,Carte,Bordeaux,69,418,0,364.05
10965,2023-05-31 15:00:00,C1536,P073,Textile,3,151.5,Carte,Marseille,20,898,0,454.5
10966,2023-06-11 18:00:00,C1078,P251,Art de la table,3,88.36,Carte,Toulouse,35,283,0,265.08
10967,2023-06-01 19:00:00,C1579,P124,Cuisine,5,47.19,Carte,Lyon,58,74,0,235.95
10968,2023-06-22 15:00:00,C1172,P375,Textile,1,107.5,Virement,Paris,31,355,0,107.5
10969,2023-05-31 10:00:00,C1955,P121,Cuisine,3,34.8,Virement,Marseille,48,727,0,104.4
10970,2023-06-05 10:00:00,C1011,P275,Cuisine,3,93.7,Carte,Lyon,44,497,0,281.1
10971,2023-05-14 20:00:00,C1799,P431,Art de la table,4,70.29,Virement,Paris,34,328,0,281.16
10972,2023-06-08 10:00:00,C1127,P398,Textile,5,183.27,Virement,Marseille,63,988,0,916.35
10973,2023-06-01 19:00:00,C1607,P120,Cuisine,2,21.58,PayPal,Lyon,46,535,0,43.16
10974,2023-06-18 17:00:00,C1091,P422,Textile,1,141.86,Carte,Lyon,53,580,0,141.86
10975,2023-05-17 16:00:00,C1652,P437,Art de la table,1,44.72,Virement,Marseille,54,910,0,44.72
10976,2023-05-31 10:00:00,C1542,P317,Cuisine,5,70.62,Virement,Lyon,43,447,0,353.1
10977,2023-06-29 16:00:00,C1845,P164,Art de la table,4,88.95,Carte,Bordeaux,34,373,0,355.8
10978,2023-06-14 11:00:00,C1531,P424,Textile,4,182.52,PayPal,Marseille,39,362,0,730.08
10979,2023-06-17 14:00:00,C1657,P465,Textile,5,56.09,Carte,Lyon,42,93,0,280.45
10980,2023-05-19 15:00:00,C1988,P286,Art de la table,4,27.35,PayPal,Paris,19,321,0,109.4
10981,2023-05-10 17:00:00,C1827,P265,Décoration,1,70.55,Carte,Paris,39,324,0,70.55
10982,2023-06-01 10:00:00,C1446,P320,Cuisine,1,29.89,Carte,Bordeaux,22,384,0,29.89
10983,2023-05-28 20:00:00,C1389,P161,Textile,2,34.43,Carte,Marseille,21,575,0,68.86
10984,2023-05-15 13:00:00,C1671,P376,Textile,5,119.03,Carte,Lyon,53,736,0,595.15
10985,2023-05-29 14:00:00,C1860,P308,Cuisine,3,21.57,PayPal,Lyon,23,737,0,64.71
10986,2023-05-04 12:00:00,C1042,P089,Art de la table,3,15.88,PayPal,Paris,69,881,0,47.64
10987,2023-06-01 12:00:00,C1253,P142,Art de la table,2,145.74,Virement,Bordeaux,38,346,0,291.48
10988,2023-06-19 12:00:00,C1129,P203,Art de la table,2,78.71,Carte,Paris,30,849,0,157.42
10989,2023-05-27 09:00:00,C1059,P309,Décoration,4,33.82,PayPal,Paris,54,103,0,135.28
10990,2023-05-12 14:00:00,C1662,P227,Décoration,2,58.19,PayPal,Bordeaux,42,215,0,116.38
10991,2023-05-17 18:00:00,C1466,P489,Textile,2,132.0,PayPal,Marseille,43,192,0,264.0
10992,2023-06-23 09:00:00,C1286,P443,Art de la table,3,62.35,Carte,Lyon,56,672,0,187.05
10993,2023-05-22 18:00:00,C1516,P334,Cuisine,4,103.96,Virement,Marseille,37,884,0,415.84
10994,2023-06-25 19:00:00,C1466,P222,Textile,2,33.12,PayPal,Toulouse,50,719,0,66.24
10995,2023-05-18 10:00:00,C1929,P041,Cuisine,2,121.74,Carte,Toulouse,31,781,0,243.48
10996,2023-05-14 20:00:00,C1777,P196,Textile,4,70.05,PayPal,Toulouse,53,194,0,280.2
10997,2023-06-05 19:00:00,C1344,P068,Décoration,5,129.12,PayPal,Bordeaux,34,380,0,645.6
10998,2023-06-04 12:00:00,C1641,P476,Textile,4,163.6,Virement,Paris,38,403,0,654.4
10999,2023-05-12 15:00:00,C1381,P264,Décoration,3,126.21,PayPal,Marseille,63,664,0,378.63
20000,2023-05-24 00:00:00,C3010,P558,Décoration,1,4978.38,Virement,Lyon,69,585,1,4978.38
20001,2023-05-01 00:00:00,C3016,P594,Textile,27,213.56,PayPal,Bordeaux,66,1,1,5766.12
20002,2023-06-22 00:00:00,C3973,P543,Cuisine,24,66.75,PayPal,Toulouse,58,2,1,1602.0
20003,2023-05-10 04:00:00,C3495,P538,Textile,3,87.53,PayPal,Bordeaux,69,725,1,262.59
20004,2023-06-25 00:00:00,C3331,P567,Cuisine,1,3287.59,Carte,Lyon,62,447,1,3287.59
20005,2023-06-09 00:00:00,C3811,P585,Textile,2,2927.98,Virement,Lyon,39,528,1,5855.96
20006,2023-06-26 00:00:00,C3573,P581,Cuisine,91,137.55,PayPal,Lyon,40,359,1,12517.05
20007,2023-06-12 04:00:00,C3312,P508,Cuisine,5,157.11,Virement,Paris,38,993,1,785.55
20008,2023-06-03 00:00:00,C3479,P534,Cuisine,10,126.55,PayPal,Bordeaux,50,1,1,1265.5
20009,2023-05-31 00:00:00,C3980,P597,Textile,20,129.61,Virement,Marseille,69,2,1,2592.2
20010,2023-06-06 00:00:00,C3467,P597,Décoration,70,145.11,PayPal,Lyon,23,635,1,10157.7
20011,2023-06-27 00:00:00,C3855,P512,Cuisine,28,75.24,Virement,Marseille,45,1,1,2106.72
20012,2023-06-13 03:00:00,C3355,P528,Art de la table,3,156.53,Carte,Bordeaux,48,409,1,469.59
20013,2023-06-16 00:00:00,C3769,P588,Art de la table,3,31.48,PayPal,Lyon,65,257,1,68.68
20014,2023-06-24 00:00:00,C3707,P540,Art de la table,3,80.11,Virement,Lyon,55,650,1,129.94
20015,2023-06-10 00:00:00,C3338,P529,Art de la table,50,89.86,Virement,Marseille,41,743,1,4493.0
20016,2023-06-26 02:00:00,C3022,P547,Art de la table,4,29.67,PayPal,Paris,34,825,1,118.68
20017,2023-05-07 00:00:00,C3986,P546,Art de la table,20,185.19,Virement,Bordeaux,39,2,1,3703.8
20018,2023-05-24 00:00:00,C3220,P572,Décoration,20,52.33,Carte,Lyon,56,1,1,1046.6
20019,2023-05-10 00:00:00,C3328,P558,Cuisine,23,215.48,Carte,Marseille,19,1,1,4956.04
20020,2023-06-19 00:00:00,C3791,P526,Art de la table,16,265.69,PayPal,Marseille,18,2,1,4251.04
20021,2023-05-29 00:00:00,C3760,P500,Cuisine,19,148.74,PayPal,Marseille,53,1,1,2826.06
20022,2023-06-17 02:00:00,C3532,P512,Art de la table,1,137.29,Virement,Marseille,48,726,1,137.29
20023,2023-06-16 00:00:00,C3858,P577,Textile,1,1504.61,Virement,Lyon,51,288,1,1504.61
20024,2023-06-17 04:00:00,C3713,P580,Décoration,5,154.09,Carte,Toulouse,55,801,1,770.45
20025,2023-05-26 00:00:00,C3460,P558,Textile,60,105.77,Carte,Bordeaux,65,433,1,6346.2
20026,2023-06-16 00:00:00,C3055,P564,Textile,84,103.63,Carte,Paris,59,672,1,8704.92
20027,2023-05-03 02:00:00,C3048,P518,Textile,2,131.48,Virement,Bordeaux,63,956,1,262.96
20028,2023-05-17 00:00:00,C3560,P575,Textile,20,124.39,PayPal,Marseille,34,2,1,2487.8
20029,2023-06-06 02:00:00,C3045,P541,Cuisine,4,22.62,Carte,Marseille,33,704,1,90.48
20030,2023-05-01 02:00:00,C3087,P587,Art de la table,1,125.46,PayPal,Toulouse,47,783,1,125.46
20031,2023-05-27 00:00:00,C3213,P573,Art de la table,4,118.96,PayPal,Marseille,52,237,1,268.65
20032,2023-06-15 00:00:00,C3340,P573,Textile,1,1780.22,Virement,Toulouse,48,473,1,1780.22
20033,2023-06-17 00:00:00,C3979,P535,Décoration,5,34.36,PayPal,Paris,39,486,1,92.24
20034,2023-06-12 00:00:00,C3879,P526,Art de la table,1,2985.18,PayPal,Paris,38,336,1,2985.18
20035,2023-06-26 03:00:00,C3739,P518,Décoration,2,47.45,Carte,Bordeaux,45,63,1,94.9
20036,2023-06-13 00:00:00,C3867,P542,Art de la table,59,80.91,PayPal,Paris,26,957,1,4773.69
20037,2023-05-11 00:00:00,C3188,P579,Textile,2,3533.08,Virement,Lyon,59,427,1,7066.16
20038,2023-06-26 00:00:00,C3336,P587,Cuisine,1,3355.24,PayPal,Toulouse,36,905,1,3355.24
20039,2023-06-23 00:00:00,C3615,P585,Décoration,2,3475.74,Carte,Lyon,50,543,1,6951.48
20040,2023-06-02 00:00:00,C3765,P506,Textile,4,150.4,Virement,Bordeaux,43,849,1,447.46
20041,2023-06-18 00:00:00,C3840,P549,Art de la table,5,121.16,Virement,Toulouse,41,771,1,396.16
20042,2023-05-17 00:00:00,C3934,P589,Textile,95,108.07,Virement,Bordeaux,38,979,1,10266.65
20043,2023-05-18 00:00:00,C3170,P551,Cuisine,21,79.05,Carte,Paris,57,2,1,1660.05
20044,2023-05-04 00:00:00,C3505,P527,Art de la table,2,3108.59,Virement,Bordeaux,20,620,1,6217.18
20045,2023-06-16 04:00:00,C3183,P522,Décoration,5,92.02,Carte,Marseille,18,492,1,460.1
20046,2023-05-03 00:00:00,C3804,P582,Art de la table,4,34.21,Carte,Paris,66,388,1,94.66
20047,2023-05-27 02:00:00,C3416,P521,Textile,1,58.64,Virement,Bordeaux,60,229,1,58.64
20048,2023-05-26 00:00:00,C3040,P598,Décoration,1,4995.62,Virement,Paris,20,828,1,4995.62
20049,2023-06-21 00:00:00,C3060,P518,Décoration,76,17.62,Carte,Paris,33,44,1,1339.12
